Sasha,Markel,smarkel0@wix.com,Female,Zooveo,smarkel0,Baker College of Owosso
Bartholemy,Harower,bharower1@opensource.org,Male,Gabvine,bharower1,National College of Ireland
Arlena,Steels,asteels2@weibo.com,Female,Innotype,asteels2,Joseph Ayo Babalola University
Barrie,Storrock,bstorrock3@independent.co.uk,Male,Realcube,bstorrock3,Universidad San Martin de Porres
Leesa,McClenaghan,lmcclenaghan4@gizmodo.com,Female,Zoombox,lmcclenaghan4,"University of Agricultural Sciences, Dharwad"
Abie,Wrigglesworth,awrigglesworth5@surveymonkey.com,Male,Twitterbeat,awrigglesworth5,Universidade do Rio de Janeiro
Deva,Elven,delven6@printfriendly.com,Female,Realbuzz,delven6,Kanazawa College of Economics
Janna,Mallen,jmallen7@vinaora.com,Female,Jabbercube,jmallen7,Regent International University
Witty,Ride,wride8@nifty.com,Male,Quire,wride8,Eastern Nazarene College
Ward,Labes,wlabes9@pen.io,Male,Yakidoo,wlabes9,Albany Medical Center
Reagen,Lindenstrauss,rlindenstraussa@archive.org,Male,Yabox,rlindenstraussa,Mykolo Romerio university
Rhonda,Silkston,rsilkstonb@senate.gov,Female,Devcast,rsilkstonb,Cevro Institut College
Aeriel,Carvilla,acarvillac@vkontakte.ru,Female,Centizu,acarvillac,Universiteit Gent
Sibeal,Alyonov,salyonovd@msn.com,Female,Twimbo,salyonovd,Walsh College of Accountancy and Business Administration
Donelle,Wolstencroft,dwolstencrofte@tuttocitta.it,Female,Blogtags,dwolstencrofte,Medical College of Ohio
Chryste,Girhard,cgirhardf@examiner.com,Female,Photojam,cgirhardf,Fashion Institute of New York
Agnesse,Mapholm,amapholmg@tripod.com,Female,Zooveo,amapholmg,Universidad de Cuautitlan Izcalli
Linell,Wellfare,lwellfareh@home.pl,Female,Yakidoo,lwellfareh,Ecole Nationale Supérieure des Mines de Douai
Simone,Masterson,smastersoni@wikipedia.org,Male,Divavu,smastersoni,Université des Montagnes
Sherry,Andrey,sandreyj@oaic.gov.au,Female,Twimbo,sandreyj,Fachhochschule Wedel
Johanna,Bigland,jbiglandk@parallels.com,Female,Buzzster,jbiglandk,University of Wollongong - Dubai Campus
Cross,Reeme,creemel@pbs.org,Male,Plambee,creemel,Polytechnic University of the Philippines
Abie,Maddy,amaddym@mediafire.com,Male,Livetube,amaddym,Baltic State Technical University
Basil,Malzard,bmalzardn@howstuffworks.com,Male,Topicstorm,bmalzardn,Fundación Universitaria Manuela Beltrán
Lowell,Stillwell,lstillwello@google.es,Male,Chatterpoint,lstillwello,Sylhet Engineering College
Blondy,Olifaunt,bolifauntp@hatena.ne.jp,Female,Dabfeed,bolifauntp,Mejiro University
Carlota,Mobbs,cmobbsq@uol.com.br,Female,Layo,cmobbsq,Sauder School of Business
Engracia,Addey,eaddeyr@goo.ne.jp,Female,Rhynoodle,eaddeyr,Private Universität Witten/Herdecke
Adams,Creak,acreaks@skyrock.com,Male,Dynabox,acreaks,Institute of Industrial Electronics Engineering
Lelah,Riggert,lriggertt@springer.com,Female,Photofeed,lriggertt,Universitas Amir Hamzah
Darbee,Leming,dlemingu@arstechnica.com,Male,Kanoodle,dlemingu,Ashesi University
Lucio,Ponten,lpontenv@latimes.com,Male,Dabvine,lpontenv,California Maritime Academy
Agatha,Proske,aproskew@istockphoto.com,Female,Gigazoom,aproskew,University of Sibiu
Dwayne,Nann,dnannx@noaa.gov,Male,Blogspan,dnannx,Walden University
Mildred,Beatty,mbeattyy@addthis.com,Female,Bubblebox,mbeattyy,State University of New York Maritime College
Jaquelyn,Bartkowiak,jbartkowiakz@businessinsider.com,Female,Riffpedia,jbartkowiakz,Ecole Supérieure d'Ingénieurs et de Techniciens pour l'Agriculture
Roberta,Cracknall,rcracknall10@princeton.edu,Female,Wikibox,rcracknall10,Prague International University
Lisle,Duddle,lduddle11@histats.com,Male,Meezzy,lduddle11,Universidad Tecnológica de Santiago
Hy,Baudi,hbaudi12@amazon.co.jp,Male,Skimia,hbaudi12,Karakoram International University
Riley,Punt,rpunt13@blinklist.com,Male,Janyx,rpunt13,Institute of Transpersonal Psychology
Elaine,Jirus,ejirus14@mit.edu,Female,Kare,ejirus14,Yunnan Agriculture University
Sheff,Mattusov,smattusov15@google.pl,Male,Talane,smattusov15,Ecole Nationale Supérieure d'Agronomie de Montpellier
Alika,Daborne,adaborne16@ox.ac.uk,Female,Oozz,adaborne16,Ecole Supérieure des Techniques Industrielles et des Textiles
Celene,Coggell,ccoggell17@boston.com,Female,Yombu,ccoggell17,Universidad Mayor
Roy,Gilardi,rgilardi18@domainmarket.com,Male,Jetwire,rgilardi18,Northern Jiaotong University
Elayne,Goligher,egoligher19@time.com,Female,Tagchat,egoligher19,Université du Droit et de la Sante (Lille II)
Alexandra,Gorusso,agorusso1a@springer.com,Female,Kazio,agorusso1a,University of Indianapolis
Rik,Minchinden,rminchinden1b@paginegialle.it,Male,Mydo,rminchinden1b,Universität für künstlerische und industrielle Gestaltung Linz
Claudian,Alston,calston1c@amazon.de,Male,Livetube,calston1c,Lipeck State Technical University
Barclay,Bader,bbader1d@economist.com,Male,Thoughtmix,bbader1d,Universität Liechtenstein
Christoph,Gregoraci,cgregoraci1e@ft.com,Male,Blogtag,cgregoraci1e,Lipeck State Technical University
Torrance,Cawsey,tcawsey1f@answers.com,Male,Tavu,tcawsey1f,University of Science and Technology Beijing
Bengt,Mordie,bmordie1g@squarespace.com,Male,Innotype,bmordie1g,Instituto Tecnológico de Sonora
Titus,Guille,tguille1h@exblog.jp,Male,Eadel,tguille1h,University of Lusaka
Floris,Pinckard,fpinckard1i@thetimes.co.uk,Female,Reallinks,fpinckard1i,Stockholm Institute of Education
Randall,Samsworth,rsamsworth1j@blogger.com,Male,Eadel,rsamsworth1j,State Engineering University of Armenia
Karlis,Gait,kgait1k@ucsd.edu,Male,Kayveo,kgait1k,Anhui Normal University
Tabbi,Tenney,ttenney1l@bravesites.com,Female,Chatterpoint,ttenney1l,Dominican School of Philosophy and Theology
Devondra,Egiloff,degiloff1m@ameblo.jp,Female,Jatri,degiloff1m,Allahabad University
Lefty,Bakey,lbakey1n@vk.com,Male,Abatz,lbakey1n,Universidad Latinoamericana de Ciencia y Tecnología
Gan,Dandison,gdandison1o@epa.gov,Male,Devcast,gdandison1o,University of Western Ontario
Lorilyn,Georgins,lgeorgins1p@newsvine.com,Female,Yakitri,lgeorgins1p,University of Massachusetts (System)
Griffie,Witherdon,gwitherdon1q@spotify.com,Male,Gigabox,gwitherdon1q,Fachhochschule für Verwaltung und Rechtspflege Berlin
Gerome,Fortey,gfortey1r@economist.com,Male,Ntags,gfortey1r,"National Institute of Technology, Trichy"
Gard,Ditzel,gditzel1s@sciencedirect.com,Male,Demizz,gditzel1s,Universidad San Juan de la Cruz
Kellina,Grimestone,kgrimestone1t@bravesites.com,Female,Realbuzz,kgrimestone1t,Ecole Supérieure de Chimie Physique Electronique de Lyon
Shay,Worrell,sworrell1u@hostgator.com,Male,Mynte,sworrell1u,Universidad Católica de Honduras
Galven,Ketchen,gketchen1v@slideshare.net,Male,Blogtag,gketchen1v,Boston University
Veronike,Stafford,vstafford1w@vistaprint.com,Female,Livetube,vstafford1w,Universidad Nacional de Asunción
Elianora,Arne,earne1x@paginegialle.it,Female,Jaxworks,earne1x,Vlerick Leuven Gent Management School
Meredithe,Gaskins,mgaskins1y@census.gov,Female,Fliptune,mgaskins1y,Technische Universität Carolo-Wilhelmina Braunschweig
Brigitte,Vasyukhichev,bvasyukhichev1z@berkeley.edu,Female,Meemm,bvasyukhichev1z,Drzavni Univerzitet u Novom Pazaru
Lucio,Ceaser,lceaser20@themeforest.net,Male,Photobug,lceaser20,Perlis Islamic Higher Learning Institute
Perl,Lindstrom,plindstrom21@jimdo.com,Female,Flashdog,plindstrom21,Private Fachhochschule Göttingen
Trumaine,Withringten,twithringten22@youtu.be,Male,Realmix,twithringten22,Universität Paderborn
Dido,Kaaskooper,dkaaskooper23@com.com,Female,Dabfeed,dkaaskooper23,Zhejiang Normal University
Sabrina,Waleran,swaleran24@foxnews.com,Female,Skipstorm,swaleran24,Universidad Católica de Valencia
Merola,Strathman,mstrathman25@facebook.com,Female,Skyndu,mstrathman25,Mariano Marcos State University
Gerhardine,Rubertis,grubertis26@usgs.gov,Female,Camimbo,grubertis26,Shaw University
Veronika,Pentecost,vpentecost27@sina.com.cn,Female,Snaptags,vpentecost27,Thomas A. Edison State College
Lauree,Sydes,lsydes28@ucla.edu,Female,Youfeed,lsydes28,Nagoya University of Arts
Charmaine,Ducrow,cducrow29@artisteer.com,Female,Blogtag,cducrow29,University of St. Jerome's College
Skippie,Mingard,smingard2a@cafepress.com,Male,Chatterbridge,smingard2a,Ain Shams University
Hiram,Covendon,hcovendon2b@nasa.gov,Male,Twitterbeat,hcovendon2b,Universidade Federal do Paraná
Verene,Grizard,vgrizard2c@free.fr,Female,Jetpulse,vgrizard2c,Moulana Azad national Urdu University
Perren,Bemwell,pbemwell2d@miitbeian.gov.cn,Male,Rhynyx,pbemwell2d,Kuala Lumpur Infrastructure University College
Umberto,Orbine,uorbine2e@washington.edu,Male,Jabbercube,uorbine2e,Kwantleen University College
Dimitri,Longhorne,dlonghorne2f@infoseek.co.jp,Male,Talane,dlonghorne2f,Universidad Catolica del Norte
Pavel,Horick,phorick2g@mtv.com,Male,Gigashots,phorick2g,Baika Women's College
Richard,Dering,rdering2h@mozilla.com,Male,Ntag,rdering2h,University of Ioannina
Aluino,Jesson,ajesson2i@123-reg.co.uk,Male,Edgetag,ajesson2i,Universidad del Cauca
Kial,Gisburne,kgisburne2j@comsenz.com,Female,Divape,kgisburne2j,Fordham University
Desdemona,Haggata,dhaggata2k@blogtalkradio.com,Female,Skiptube,dhaggata2k,Gannon University
Michael,Richarson,mricharson2l@google.com.br,Male,Vipe,mricharson2l,Debre Markos University
Mischa,Alben,malben2m@amazon.de,Male,Jabbersphere,malben2m,Obong University
Duff,Sabathier,dsabathier2n@yelp.com,Male,Linkbridge,dsabathier2n,Massachusetts College of Pharmacy and Allied Health Sciences
Sybil,McShane,smcshane2o@tuttocitta.it,Female,Bubblebox,smcshane2o,Illinois College
Adora,Campion,acampion2p@wp.com,Female,Agivu,acampion2p,Xiangtan University
Karin,Keyes,kkeyes2q@shareasale.com,Female,Jaxworks,kkeyes2q,"Islamic Azad University, Ahar"
Carlie,Marriage,cmarriage2r@plala.or.jp,Male,Thoughtworks,cmarriage2r,Tianjin University of Commerce
Krispin,Kippax,kkippax2s@example.com,Male,Voomm,kkippax2s,Zhongnan University of Economics and Law
Vernice,Bliss,vbliss2t@amazon.co.uk,Female,Trupe,vbliss2t,"City University of New York, New York City Technical College"
Tedda,Gregh,tgregh2u@aboutads.info,Female,Photobug,tgregh2u,Lander University
Babara,Harby,bharby2v@is.gd,Female,Wikizz,bharby2v,Universidad Tecnológica de los Andes de Apurímac
Cherida,Delion,cdelion2w@godaddy.com,Female,Gigazoom,cdelion2w,Kyungnam University
Mariele,Mainston,mmainston2x@aol.com,Female,Mybuzz,mmainston2x,Ch. Charan Singh University
Beck,Lammenga,blammenga2y@storify.com,Male,Avaveo,blammenga2y,Hochschule Darmstadt
Coleen,Pedler,cpedler2z@ustream.tv,Female,Zava,cpedler2z,Campbell University
Bertram,Carslake,bcarslake30@typepad.com,Male,Ooba,bcarslake30,Universidad Centroamericana
Butch,Towsie,btowsie31@twitpic.com,Male,Linkbridge,btowsie31,Osaka Medical College
Tedra,Colbran,tcolbran32@businesswire.com,Female,Twimbo,tcolbran32,Amirkabir University of Technology
Erika,Koeppe,ekoeppe33@yellowpages.com,Female,Fanoodle,ekoeppe33,Azerbaijan University ol Languages
Clary,Bengal,cbengal34@theguardian.com,Female,Cogibox,cbengal34,La Trobe University
Brenn,Seacombe,bseacombe35@shop-pro.jp,Female,Realcube,bseacombe35,Fudan University
Belia,Anwyl,banwyl36@ucla.edu,Female,Topicshots,banwyl36,Ecole Nationale Supérieure des Arts et Industries de Strasbourg
Audie,Shaddock,ashaddock37@e-recht24.de,Female,Linklinks,ashaddock37,University of Georgia
Casper,Bydaway,cbydaway38@nationalgeographic.com,Male,Voonyx,cbydaway38,Vinayaka Mission's Research Foundation-Deemed University
Appolonia,Partner,apartner39@google.fr,Female,Voolith,apartner39,Hebrew College
Kevin,Gatling,kgatling3a@cbslocal.com,Male,Gabcube,kgatling3a,Mordovian State University
Kevon,Maevela,kmaevela3b@gizmodo.com,Male,Quinu,kmaevela3b,Gulbarga University
Markos,Daid,mdaid3c@ted.com,Male,Twitterworks,mdaid3c,Mohan Lal Sukhadia University
Haze,Peyton,hpeyton3d@huffingtonpost.com,Male,Jabberbean,hpeyton3d,Universidade Federal do ABC
Brose,Killelay,bkillelay3e@i2i.jp,Male,Flashpoint,bkillelay3e,Myongji University
Iver,Collibear,icollibear3f@wikimedia.org,Male,Innojam,icollibear3f,Shaheed Benazir Bhutto Women University
Sondra,Label,slabel3g@wisc.edu,Female,Quaxo,slabel3g,Karnataka State Open University
Blinnie,Nornable,bnornable3h@reference.com,Female,Feedbug,bnornable3h,"National Institute of Technology, Calicut"
Shelbi,Aldcorne,saldcorne3i@house.gov,Female,Roodel,saldcorne3i,Universidad Nacional de Cajamarca
Sanford,Flippen,sflippen3j@phoca.cz,Male,Linkbuzz,sflippen3j,Rhodes College
Jethro,Bennoe,jbennoe3k@dropbox.com,Male,Meeveo,jbennoe3k,Universidade Federal do Maranhão
Alvira,Makiver,amakiver3l@arstechnica.com,Female,Realmix,amakiver3l,Walsh University
Madelle,Brabin,mbrabin3m@tamu.edu,Female,Jaxspan,mbrabin3m,Central Luzon State University
Nannette,Edgin,nedgin3n@mlb.com,Female,Kare,nedgin3n,Universidad Andina Simón Bolívar
Frans,Lewisham,flewisham3o@utexas.edu,Male,Voomm,flewisham3o,Shanghai University of Traditional Chinese Medicine and Pharmacology
Hortense,Astell,hastell3p@wikimedia.org,Female,Rhyzio,hastell3p,Ecole Nationale Supérieure de Chimie de Clermont-Ferrand
Ambur,Yegorshin,ayegorshin3q@noaa.gov,Female,Viva,ayegorshin3q,Royal Holloway and Bedford New College
Conny,Agg,cagg3r@tiny.cc,Male,Zooveo,cagg3r,Baghyatoolah Medical Sciences University
Horatius,Kibbe,hkibbe3s@jimdo.com,Male,Oyondu,hkibbe3s,Saint Louis College
Mitchael,Petrus,mpetrus3t@ycombinator.com,Male,Fanoodle,mpetrus3t,University of Applied Sciences Aargau
Mart,MacDermott,mmacdermott3u@aboutads.info,Male,Voolith,mmacdermott3u,Phillips-Universität Marburg
Devonna,Poytheras,dpoytheras3v@deviantart.com,Female,Yadel,dpoytheras3v,Escuela Colombiana de Carreras Industriales
Thalia,Khomin,tkhomin3w@theglobeandmail.com,Female,Yodel,tkhomin3w,"University of the Netherlands Antilles, Curacao"
Mateo,Gostridge,mgostridge3x@fc2.com,Male,Vimbo,mgostridge3x,Adventist University of Africa
Berke,Simondson,bsimondson3y@dailymail.co.uk,Male,Twitterworks,bsimondson3y,Universidade Federal do Maranhão
Evey,Howorth,ehoworth3z@icq.com,Female,Twimbo,ehoworth3z,Columbia International University
Arda,Anscott,aanscott40@ca.gov,Female,Oyondu,aanscott40,University of Plymouth
Early,Chellam,echellam41@typepad.com,Male,Mynte,echellam41,Georgia Health Sciences University
Nahum,Matiebe,nmatiebe42@samsung.com,Male,Rhycero,nmatiebe42,Guizhou Normal University
Miner,Anglin,manglin43@fda.gov,Male,Einti,manglin43,West Suburban College of Nursing
Alex,Broomhall,abroomhall44@patch.com,Female,Zoonoodle,abroomhall44,University of West Florida
Enrika,Brood,ebrood45@house.gov,Female,Bluezoom,ebrood45,Huston-Tillotson College
Maurie,Shelf,mshelf46@amazon.com,Male,Camimbo,mshelf46,International Hellenic University
Zackariah,Kenwood,zkenwood47@pen.io,Male,Shufflebeat,zkenwood47,Northwestern College of Chiropractic
Wendall,Bohills,wbohills48@statcounter.com,Male,Tagchat,wbohills48,Gretsa Universtiy
Bronnie,Truelove,btruelove49@mayoclinic.com,Male,Feedbug,btruelove49,Misan University
Ross,Antognozzii,rantognozzii4a@blogger.com,Male,Trupe,rantognozzii4a,Massachusetts College of Liberal Arts
Nicolai,Boyle,nboyle4b@shutterfly.com,Male,Yodel,nboyle4b,New Hampshire College
Evyn,Yu,eyu4c@paginegialle.it,Male,Aimbu,eyu4c,Da-Yeh University
Nadean,Reder,nreder4d@nhs.uk,Female,Realcube,nreder4d,Ecole des Hautes Etudes Commerciales
Sayre,Frugier,sfrugier4e@spotify.com,Female,Flashspan,sfrugier4e,Washington University in St. Louis
Archambault,Shotton,ashotton4f@yale.edu,Male,Oyope,ashotton4f,St. Petersburg State Mountain Institut
Dana,Windas,dwindas4g@engadget.com,Male,LiveZ,dwindas4g,Hardin-Simmons University
Deidre,Ummfrey,dummfrey4h@yelp.com,Female,Voonyx,dummfrey4h,Universität Dortmund
Fannie,Stallibrass,fstallibrass4i@livejournal.com,Female,Voomm,fstallibrass4i,NAES College
Bentlee,Easlea,beaslea4j@forbes.com,Male,Meemm,beaslea4j,Xuzhou Normal University
Erina,Manger,emanger4k@artisteer.com,Female,Jabbertype,emanger4k,Medizinische Hochschule Hannover
Teddy,Salters,tsalters4l@amazon.de,Female,Agivu,tsalters4l,"Fachhochschule Trier, Hochschule für Technik, Wirtschaft und Gestaltung"
Adolphus,Bartoszewski,abartoszewski4m@umn.edu,Male,Ozu,abartoszewski4m,Ecole Nationale Supérieure de Techniques Avancées
Lockwood,Clemoes,lclemoes4n@apache.org,Male,Innojam,lclemoes4n,University of Puget Sound
Galven,Crosetti,gcrosetti4o@shareasale.com,Male,Snaptags,gcrosetti4o,Nnamdi Azikiwe University
Rawley,Withnall,rwithnall4p@sitemeter.com,Male,Bluejam,rwithnall4p,Universidade Candido Mendes
Hershel,Yarrington,hyarrington4q@nih.gov,Male,Meevee,hyarrington4q,Barcelona Graduate School of Economics
Jim,Wessell,jwessell4r@tripadvisor.com,Male,Ainyx,jwessell4r,BiTS - Business and Information Technology School gGmbH
Humfrey,Lavell,hlavell4s@shareasale.com,Male,Topiczoom,hlavell4s,Universidad Obrera de Mexico
Ethelred,Craze,ecraze4t@msu.edu,Male,Rhynyx,ecraze4t,Oregon College of Arts and Crafts
Waylen,Cutting,wcutting4u@creativecommons.org,Male,Innojam,wcutting4u,Universität Dortmund
Tiffy,Drohun,tdrohun4v@zimbio.com,Female,Jaxworks,tdrohun4v,Gujarat Ayurved University
Ernest,Nund,enund4w@geocities.com,Male,Voomm,enund4w,Perm State Medical Academy
Joy,Havelin,jhavelin4x@senate.gov,Female,Zooxo,jhavelin4x,Belarussian State University of Culture and Arts
Leigh,Aleksic,laleksic4y@theguardian.com,Female,Divavu,laleksic4y,Universidad Academia de Humanismo Cristiano
Jandy,Wigg,jwigg4z@nifty.com,Female,Agimba,jwigg4z,Universidad Católica de Córdoba
Bevon,Demeter,bdemeter50@vinaora.com,Male,Topicblab,bdemeter50,Illinois Institute of Technology
Natty,Campes,ncampes51@cornell.edu,Male,Photofeed,ncampes51,Tokoha Gakuen University
Cammy,Drakeley,cdrakeley52@prnewswire.com,Male,Topiclounge,cdrakeley52,"Rutgers, The State University of New Jersey"
Vickie,Cases,vcases53@mit.edu,Female,Ailane,vcases53,Amrita Vishwa Vidyapeetham (Deemed University)
Caitlin,Gurnee,cgurnee54@4shared.com,Female,Jabberstorm,cgurnee54,Institute of Technology and Management
Sauveur,Paradise,sparadise55@google.de,Male,Camimbo,sparadise55,University of Switzerland
Tiler,Gregs,tgregs56@tripod.com,Male,Skyndu,tgregs56,University of Science and Culture
Risa,Annwyl,rannwyl57@nyu.edu,Female,Eadel,rannwyl57,University of Primorska
Homer,Willgoose,hwillgoose58@themeforest.net,Male,Thoughtmix,hwillgoose58,National Pirogov Memorial Medical University
Ximenes,Frantzen,xfrantzen59@bloomberg.com,Male,Gigazoom,xfrantzen59,Kenyatta University
Goddard,Carde,gcarde5a@ca.gov,Male,Eazzy,gcarde5a,Université Alioune Diop de Bambey
Bartlett,Jallin,bjallin5b@ibm.com,Male,Einti,bjallin5b,AISTEDA
Alexina,Palfree,apalfree5c@xing.com,Female,Yakijo,apalfree5c,Postgraduate Institute of Agriculture (PGIA)
Carolann,Malcolmson,cmalcolmson5d@i2i.jp,Female,Zooveo,cmalcolmson5d,Fachhochschule Lübeck
Gunther,Amberson,gamberson5e@simplemachines.org,Male,Zava,gamberson5e,Lakeland College
Phyllis,Boobyer,pboobyer5f@alibaba.com,Female,Latz,pboobyer5f,Kolej Universiti Insaniah
Caprice,Wyant,cwyant5g@unblog.fr,Female,Fliptune,cwyant5g,Ho Chi Minh City University of Social Sciences and Humanities
Caitrin,Thunderman,cthunderman5h@so-net.ne.jp,Female,Ozu,cthunderman5h,Universitas Dr. R. Moestopo
Rogers,Klass,rklass5i@columbia.edu,Male,Centidel,rklass5i,Finch University of Health Sciences - The Chicago Medical School
Nicholas,Middlebrook,nmiddlebrook5j@blogger.com,Male,Skyba,nmiddlebrook5j,Universidade Federal de Sergipe
Jannel,Grabham,jgrabham5k@noaa.gov,Female,Oyope,jgrabham5k,Mangalore University
Elnar,Stoney,estoney5l@sitemeter.com,Male,Photojam,estoney5l,Binary University College of Managemant & Entrepreneurship
Randee,De Micoli,rdemicoli5m@tamu.edu,Female,Devshare,rdemicoli5m,Oklahoma State University - Tulsa
Christalle,Karolowski,ckarolowski5n@qq.com,Female,Gabspot,ckarolowski5n,Lithuania Christian College
Gerick,Fenney,gfenney5o@stanford.edu,Male,Yadel,gfenney5o,Linfield College
Corrina,Radbond,cradbond5p@house.gov,Female,Fivechat,cradbond5p,Chungbuk National University
Bourke,De Beauchamp,bdebeauchamp5q@unesco.org,Male,Tambee,bdebeauchamp5q,Ryerson Polytechnic University
Harcourt,Kearn,hkearn5r@sitemeter.com,Male,Layo,hkearn5r,Northeast Normal University
Nicholas,Dinjes,ndinjes5s@ovh.net,Male,Twiyo,ndinjes5s,Hong Kong Baptist University
Peggi,Dunn,pdunn5t@cdbaby.com,Female,Katz,pdunn5t,Johnson Bible College
Keeley,Porch,kporch5u@shop-pro.jp,Female,Edgetag,kporch5u,Graduate University for Advanced Studies
Dorothee,Blankhorn,dblankhorn5v@oakley.com,Female,Oyoba,dblankhorn5v,Yashawantrao Chavan Maharashtra Open University
Herbie,Elwel,helwel5w@wufoo.com,Male,Wikibox,helwel5w,MCI-Management Center Innsbruck
Jolene,Cornewall,jcornewall5x@msn.com,Female,Demivee,jcornewall5x,Fine Arts Academy Wladyslaw Strzeminski in Lodz
Ronnie,Tumber,rtumber5y@oracle.com,Male,Bluejam,rtumber5y,Istanbul Ticaret University
Culver,Hayter,chayter5z@youtu.be,Male,Shuffledrive,chayter5z,Fachhochschule Wedel
Daffi,Crissil,dcrissil60@nymag.com,Female,Teklist,dcrissil60,Amur State University
Lawrence,Carlile,lcarlile61@meetup.com,Male,Dynava,lcarlile61,"Islamic Azad University, Gorgan"
Yard,Virr,yvirr62@ebay.com,Male,Brightdog,yvirr62,International School of Management
Erin,Vasyunin,evasyunin63@techcrunch.com,Female,Tagfeed,evasyunin63,Universidad del Atlántico
Kendrick,Gehricke,kgehricke64@mit.edu,Male,Jatri,kgehricke64,Newport International University
Dilly,Heddan,dheddan65@cpanel.net,Male,Brainverse,dheddan65,Université Henri Poincaré (Nancy I)
Rooney,Leisman,rleisman66@pcworld.com,Male,Eadel,rleisman66,Kisii University
Christina,West,cwest67@bbc.co.uk,Female,Fanoodle,cwest67,Edith Cowan University
Iggie,Eakley,ieakley68@xrea.com,Male,Buzzdog,ieakley68,Park College
Saba,Pidler,spidler69@hugedomains.com,Female,Kare,spidler69,Yanbu University College
De,MacConneely,dmacconneely6a@mit.edu,Female,Browsezoom,dmacconneely6a,Kansai University of Social Welfare
Krissie,Pala,kpala6b@examiner.com,Female,Quinu,kpala6b,Instituto Tecnológico de Aeronáutica
Stevena,Brigdale,sbrigdale6c@indiatimes.com,Female,Vinder,sbrigdale6c,Cranbrook Academy of Art
Ronda,Whelpdale,rwhelpdale6d@imgur.com,Female,Vitz,rwhelpdale6d,Uludag University
Jami,Fromant,jfromant6e@usnews.com,Female,Yozio,jfromant6e,Université de Lubumbashi
Marja,Dominetti,mdominetti6f@disqus.com,Female,Tazz,mdominetti6f,Lulea University of Technology
Tomkin,Dangl,tdangl6g@mapquest.com,Male,Shuffledrive,tdangl6g,People' s Friendship University of Russia
Kristal,Trousdale,ktrousdale6h@hp.com,Female,Vinder,ktrousdale6h,"Université du Sud, Toulon et Var"
Yasmeen,Oakman,yoakman6i@chicagotribune.com,Female,Zoomzone,yoakman6i,Miami Dade College
Francyne,Stickney,fstickney6j@4shared.com,Female,Thoughtsphere,fstickney6j,West China University of Medical Sciences
Ddene,Driscoll,ddriscoll6k@usa.gov,Female,Blogtags,ddriscoll6k,Medizinische Universität Wien
Thebault,Dillingston,tdillingston6l@paginegialle.it,Male,Trupe,tdillingston6l,Deen Dayal Upadhyay Gorakhpur University
Cherianne,Sprigin,csprigin6m@behance.net,Female,Dynava,csprigin6m,"American University Extension, Okinawa"
Larina,Brownbill,lbrownbill6n@wix.com,Female,Vitz,lbrownbill6n,Universidad Valle del Grijalva
Martainn,Wardel,mwardel6o@angelfire.com,Male,Layo,mwardel6o,Universidad de la República
Dimitri,Mullan,dmullan6p@php.net,Male,Oyoloo,dmullan6p,"University of California, Santa Cruz"
Heddi,Rex,hrex6q@mlb.com,Female,Shufflester,hrex6q,Mustafa Kemal University
Gianni,Kinchlea,gkinchlea6r@meetup.com,Male,Miboo,gkinchlea6r,Alderson Broaddus College
Cooper,Meriott,cmeriott6s@businesswire.com,Male,Edgewire,cmeriott6s,Mykolo Romerio university
Rudolfo,Driussi,rdriussi6t@t.co,Male,Blogspan,rdriussi6t,Japanese Red Cross College of Nursing
Lennard,Mander,lmander6u@webs.com,Male,Meezzy,lmander6u,Shaikh Zayed University
Evyn,Baszniak,ebaszniak6v@vinaora.com,Male,Skilith,ebaszniak6v,"National Academy of Music ""Pantcho Vladigerov"""
Krystle,Brumble,kbrumble6w@wikispaces.com,Female,Bluezoom,kbrumble6w,ICT College
Phillis,McCaughey,pmccaughey6x@technorati.com,Female,Nlounge,pmccaughey6x,Thi Qar University
Giselbert,Dunkley,gdunkley6y@walmart.com,Male,Devpulse,gdunkley6y,Guangxi University for Nationalities
Clim,Pembridge,cpembridge6z@sohu.com,Male,Plajo,cpembridge6z,University of Bucharest
Kelsy,Hosburn,khosburn70@businessinsider.com,Female,Meetz,khosburn70,Instituto Politécnico de Tomar
Sharl,Hannaway,shannaway71@privacy.gov.au,Female,Zazio,shannaway71,Central State University
Tadd,Penylton,tpenylton72@prlog.org,Male,Buzzster,tpenylton72,Kingston University
Bronson,Kellock,bkellock73@canalblog.com,Male,Aimbu,bkellock73,Kyushu University of Nursing and SocialWelfare
Ceil,Yusupov,cyusupov74@seesaa.net,Female,Twimm,cyusupov74,Universidade Federal de Uberlândia
Nathalie,Lugsdin,nlugsdin75@usnews.com,Female,Kanoodle,nlugsdin75,Marij State Technical University
Bette,Romera,bromera76@1und1.de,Female,Tekfly,bromera76,Universidad Carlos III de Madrid
Alayne,Matyushkin,amatyushkin77@whitehouse.gov,Female,Camimbo,amatyushkin77,Malayer University
Hyatt,Creyke,hcreyke78@reverbnation.com,Male,Mybuzz,hcreyke78,West China University of Medical Sciences
Sissie,Murcott,smurcott79@reuters.com,Female,Jaxbean,smurcott79,University of Canberra
Rena,Cunnah,rcunnah7a@example.com,Female,Kimia,rcunnah7a,Acharya Ranga Agricultural University
Fidelity,Rowan,frowan7b@sina.com.cn,Female,Dazzlesphere,frowan7b,Universidad Católica Santa María La Antigua
Gwendolyn,Zimmer,gzimmer7c@spotify.com,Female,Topicshots,gzimmer7c,Missouri Southern State College
Melvyn,Shuxsmith,mshuxsmith7d@t.co,Male,Talane,mshuxsmith7d,Jalalabad State University Kyrgyzstan
Ellyn,Findley,efindley7e@aboutads.info,Female,JumpXS,efindley7e,University of Mustansiriyah
Corbet,Skule,cskule7f@ftc.gov,Male,Abatz,cskule7f,Andrews University
Rem,Duligal,rduligal7g@nydailynews.com,Male,Brainbox,rduligal7g,Université de Kikwite
Giacinta,Ximenez,gximenez7h@huffingtonpost.com,Female,Lajo,gximenez7h,Goucher College
Allsun,Rickhuss,arickhuss7i@livejournal.com,Female,Eidel,arickhuss7i,University of Lancaster
Walker,McIleen,wmcileen7j@hp.com,Male,Meembee,wmcileen7j,Cologne Business School
Clair,Yell,cyell7k@xrea.com,Male,Devbug,cyell7k,Macalester College
Cyrillus,Chasmor,cchasmor7l@i2i.jp,Male,Mynte,cchasmor7l,Ajman University of Science & Technology
Lee,Peery,lpeery7m@dedecms.com,Female,Aimbo,lpeery7m,Rust College
Gabriellia,McEvoy,gmcevoy7n@t-online.de,Female,Twitterbeat,gmcevoy7n,Instituto Tecnológico de León
Barthel,Haselden,bhaselden7o@weibo.com,Male,Twitterworks,bhaselden7o,Beijing Information Science and Technology University
Ancell,Klimczak,aklimczak7p@bing.com,Male,Voomm,aklimczak7p,"Politécnico Columbiano ""Jaime Isaza Cadavid"""
Josy,Abels,jabels7q@wisc.edu,Female,Skibox,jabels7q,Hogeschool Inholland
Flossi,Yellop,fyellop7r@mapquest.com,Female,LiveZ,fyellop7r,Universidad Mayor de San Simón
Jard,Noore,jnoore7s@shop-pro.jp,Male,Bubblemix,jnoore7s,St. Petersburg State Pediatric Medical Academy
Dominica,Dodman,ddodman7t@shinystat.com,Female,Browsedrive,ddodman7t,Southern California Institute of Architecture
Ruthann,De Filippo,rdefilippo7u@weibo.com,Female,Voomm,rdefilippo7u,Universitas Kristen Krida Wacana
Glenden,Koop,gkoop7v@infoseek.co.jp,Male,Reallinks,gkoop7v,Kyoto City University of Arts
Carlee,Broad,cbroad7w@nsw.gov.au,Female,Photobean,cbroad7w,Averett College
Fonz,Weald,fweald7x@gnu.org,Male,Thoughtstorm,fweald7x,University of Brescia
Filberto,Harte,fharte7y@google.com.hk,Male,Tambee,fharte7y,University of Calabar
Merrill,Smitheram,msmitheram7z@csmonitor.com,Male,Omba,msmitheram7z,Universitas Katolik Parahyangan
Felisha,Gonning,fgonning80@reddit.com,Female,Feedfire,fgonning80,Academy of Economics in Poznan
Teador,Stebbings,tstebbings81@google.co.jp,Male,Tambee,tstebbings81,Mount St. Mary College
Kim,Phelp,kphelp82@mayoclinic.com,Male,Twimbo,kphelp82,Henan Univeristy
Martguerita,Sidey,msidey83@tripadvisor.com,Female,Youtags,msidey83,Nagoya University of Arts
Ancell,Allington,aallington84@xinhuanet.com,Male,Wordtune,aallington84,Central Bible College
Joey,Whetnall,jwhetnall85@123-reg.co.uk,Female,Voonix,jwhetnall85,Université de l'Uélé
Mariska,Wall,mwall86@hostgator.com,Female,Blogtags,mwall86,Manhattan College
Dwain,Burdas,dburdas87@infoseek.co.jp,Male,Zoovu,dburdas87,Cleveland State University
Aldous,Dulin,adulin88@dmoz.org,Male,Omba,adulin88,Acdemic Center for Law and Business
Axe,Beaven,abeaven89@t.co,Male,Linklinks,abeaven89,Fachhochschule Nordostniedersachsen
Haleigh,Courtney,hcourtney8a@facebook.com,Male,Edgewire,hcourtney8a,Yasuj University
Thibaut,McClaren,tmcclaren8b@themeforest.net,Male,Mybuzz,tmcclaren8b,Huaqiao University Quanzhuo
Della,Coucha,dcoucha8c@4shared.com,Female,Bubblemix,dcoucha8c,South China Construction University
Ernest,Fowle,efowle8d@google.cn,Male,Topicstorm,efowle8d,Binary University College of Managemant & Entrepreneurship
Bobina,Brood,bbrood8e@comcast.net,Female,Photobean,bbrood8e,Institute of Science and Technology
Demetre,Veschambes,dveschambes8f@vimeo.com,Male,Photospace,dveschambes8f,Diaconia University of Applied Sciences
Tabbi,McClunaghan,tmcclunaghan8g@printfriendly.com,Female,Zoozzy,tmcclunaghan8g,Ecole Nationale Supérieure de Physique de Marseille
Gabbie,Poytress,gpoytress8h@surveymonkey.com,Female,Rhynyx,gpoytress8h,Nakhchivan Private University
Laurens,Buckham,lbuckham8i@drupal.org,Male,Zoomzone,lbuckham8i,Daffodil International University
Ediva,Haacker,ehaacker8j@hostgator.com,Female,Photobean,ehaacker8j,Universidad Catolica del Norte
Fernanda,Capstaff,fcapstaff8k@merriam-webster.com,Female,Gigaclub,fcapstaff8k,"National American University, Kansas City"
Ingelbert,Liepins,iliepins8l@chron.com,Male,Skalith,iliepins8l,Hokkaido Tokai University
Toinette,Torre,ttorre8m@washingtonpost.com,Female,Buzzshare,ttorre8m,Universidad Internacional de las Américas
Pierette,Ughetti,pughetti8n@skype.com,Female,Aimbo,pughetti8n,Union College Kentucky
Luciano,Pavic,lpavic8o@zimbio.com,Male,Katz,lpavic8o,University of Management & Technology
Lexy,Whitwam,lwhitwam8p@artisteer.com,Female,Fivebridge,lwhitwam8p,Universidade do Rio de Janeiro
Dulcine,Scoone,dscoone8q@instagram.com,Female,Devify,dscoone8q,"Universidad Nacional Experimental Sur del Lago ""Jesús Maria Semprum"""
Patrizia,Thrift,pthrift8r@thetimes.co.uk,Female,Quinu,pthrift8r,Edgewood College
Lindy,Brewer,lbrewer8s@bbc.co.uk,Female,Rhycero,lbrewer8s,Yeshiva University
Greer,Prudence,gprudence8t@stanford.edu,Female,Avamm,gprudence8t,Ivanovo State Academy of Medicine
Libbie,Perone,lperone8u@bloglovin.com,Female,Cogilith,lperone8u,Technical University of Szczecin
Veda,Guiducci,vguiducci8v@columbia.edu,Female,Tazzy,vguiducci8v,Universidad Politecnica de Nicaragua
Boigie,Mila,bmila8w@eepurl.com,Male,Jatri,bmila8w,Ecole Nationale Supérieure des Industries Textiles de Mulhouse
Marianna,Bodicum,mbodicum8x@cocolog-nifty.com,Female,Browsebug,mbodicum8x,Universidad de Bologna - Representación en Buenos Aires
Leupold,Darlaston,ldarlaston8y@dyndns.org,Male,Quaxo,ldarlaston8y,Politeknik Pos Indonesia
Nolly,Holtum,nholtum8z@webs.com,Male,Skalith,nholtum8z,Birjand University
Jewel,Dodman,jdodman90@unblog.fr,Female,Avamm,jdodman90,Arba Minch University
Martyn,Buckney,mbuckney91@reuters.com,Male,Thoughtworks,mbuckney91,Salem Teikyo University
Helene,Bisley,hbisley92@51.la,Female,Vitz,hbisley92,"Islamic Azad University, Gorgan"
Edvard,Yegoshin,eyegoshin93@comcast.net,Male,Pixonyx,eyegoshin93,Universitas Negeri Yogyakarta
Cayla,Hamsher,chamsher94@va.gov,Female,Quaxo,chamsher94,Nichols College
Maudie,Wenham,mwenham95@is.gd,Female,Trilia,mwenham95,Centro Universitário Adventista de São Paulo
Loralee,Peacher,lpeacher96@simplemachines.org,Female,Flashset,lpeacher96,Dohto University
Marya,Tongue,mtongue97@earthlink.net,Female,Browseblab,mtongue97,Tilburg University
Lyn,Giff,lgiff98@marketwatch.com,Male,Wordify,lgiff98,Bharathiar University
Ranique,Greader,rgreader99@google.fr,Female,Twitterlist,rgreader99,University of Dallas
Jessica,Bayles,jbayles9a@slashdot.org,Female,Skyble,jbayles9a,University of Tromsø
Tait,Berre,tberre9b@godaddy.com,Male,Twimm,tberre9b,Dominican College of Philosophy and Theology
Dominique,Styan,dstyan9c@zimbio.com,Male,Demivee,dstyan9c,Institute of Commerce and Business
Lonnard,Ebbing,lebbing9d@usda.gov,Male,Jaxworks,lebbing9d,Oakland University
Myrlene,Leer,mleer9e@cnbc.com,Female,Zoonder,mleer9e,Chongqing University of Technology
Lincoln,Jerson,ljerson9f@nydailynews.com,Male,Jaxnation,ljerson9f,"International Islamic University, Islamabad"
Dougie,Santi,dsanti9g@ameblo.jp,Male,Aimbu,dsanti9g,University of Oradea
Buffy,Duckworth,bduckworth9h@deliciousdays.com,Female,Fivechat,bduckworth9h,Universidad de Sonora
Trey,Hawthorne,thawthorne9i@vistaprint.com,Male,Digitube,thawthorne9i,Aalborg Business College
Noel,Callaway,ncallaway9j@g.co,Female,Gabtune,ncallaway9j,"Shoumen University ""Konstantin Preslavski"""
Christiana,Vowden,cvowden9k@intel.com,Female,Mydo,cvowden9k,Institut National Polytechnique de Toulouse
Sonnie,Gayden,sgayden9l@lycos.com,Female,Tazz,sgayden9l,Tashkent Pharmaceutical Institute
Nerta,Penni,npenni9m@usgs.gov,Female,Rhynoodle,npenni9m,Silesian School of Economics and Languages
Cordell,Greenroyd,cgreenroyd9n@bigcartel.com,Male,Jetwire,cgreenroyd9n,Cyberjaya University College of Medical Science
Sonnie,Horstead,shorstead9o@cnbc.com,Female,Twitterlist,shorstead9o,Pacifica Graduate Institute
Glynn,McCusker,gmccusker9p@clickbank.net,Male,Voomm,gmccusker9p,Kentucky Christian College
Bili,Speeding,bspeeding9q@dyndns.org,Female,Quatz,bspeeding9q,Gifu Shotoku Gakuen University
Dawna,Ilson,dilson9r@mysql.com,Female,Skaboo,dilson9r,Belgorod State Technical University
Torrin,Snowling,tsnowling9s@photobucket.com,Male,Voonyx,tsnowling9s,Kazak National Technical University
Earl,Tobin,etobin9t@dedecms.com,Male,Voolia,etobin9t,Ibra College of Technology
Lenci,Tytterton,ltytterton9u@washingtonpost.com,Male,Gigazoom,ltytterton9u,Universidad Mayor de San Andrés
Hort,Cubberley,hcubberley9v@qq.com,Male,Aimbu,hcubberley9v,Universidade Católica de Brasília
Chip,Sommerland,csommerland9w@163.com,Male,Meejo,csommerland9w,State University of New York at Albany
Georgine,Prout,gprout9x@bigcartel.com,Female,Cogidoo,gprout9x,Advance Tertiary College
Katheryn,Say,ksay9y@google.co.jp,Female,Nlounge,ksay9y,Nanjing University of Posts and Telecommunications
Michel,Kobierski,mkobierski9z@forbes.com,Female,Abata,mkobierski9z,University of Jyväskylä
Persis,Buesden,pbuesdena0@topsy.com,Female,Oyonder,pbuesdena0,Universidad Autónoma del Estado de Hidalgo
Gardner,Tumility,gtumilitya1@cyberchimps.com,Male,Jabbersphere,gtumilitya1,Université de Chlef
Lynnell,Milnes,lmilnesa2@odnoklassniki.ru,Female,Wikido,lmilnesa2,Sankei University
Julina,de Nore,jdenorea3@businessinsider.com,Female,Brainverse,jdenorea3,Volgograd State University
Rebekah,Quirke,rquirkea4@zdnet.com,Female,Youspan,rquirkea4,Shepherd College
Don,Musgrave,dmusgravea5@epa.gov,Male,Rhyzio,dmusgravea5,Siebold University of Nagasaki
Devonna,Robrose,drobrosea6@example.com,Female,Twitterlist,drobrosea6,Faculdade Integradas do Ceará
Lana,Mauvin,lmauvina7@cbsnews.com,Female,Yakijo,lmauvina7,Université du Québec à Trois-Rivières
Lilyan,Clarson,lclarsona8@amazon.com,Female,Talane,lclarsona8,Far Eastern State Technical Fisheries University
Cris,Tame,ctamea9@engadget.com,Male,Skyble,ctamea9,"Physical Education Academy ""Jedrzej Sniadecki"" in Gdansk"
Evelin,Ruos,eruosaa@51.la,Male,Chatterpoint,eruosaa,Appalachian Bible College
Lorianna,Vassbender,lvassbenderab@cornell.edu,Female,Thoughtworks,lvassbenderab,National United University
Melosa,Cassella,mcassellaac@ustream.tv,Female,Wikizz,mcassellaac,Harokopio University
Lisa,Rockliffe,lrockliffead@creativecommons.org,Female,Lajo,lrockliffead,Politeknik Negeri Bandung
Marrissa,Tregido,mtregidoae@fema.gov,Female,Trilith,mtregidoae,The Leadership Institute of Seattle
Rickie,Underhill,runderhillaf@youku.com,Female,Vimbo,runderhillaf,Universitas Muhammadiyah Mataram
Tad,Wattinham,twattinhamag@quantcast.com,Male,Gigabox,twattinhamag,Kanto Gakuen University
Alberta,Phillps,aphillpsah@vk.com,Female,Layo,aphillpsah,Tokyo National University of Fine Arts and Music
Maressa,Sore,msoreai@scientificamerican.com,Female,Devpoint,msoreai,Green University of Bangladesh
Craggie,Dawtrey,cdawtreyaj@seesaa.net,Male,Katz,cdawtreyaj,Abo Akademi University
Conny,Szapiro,cszapiroak@bigcartel.com,Male,Skiba,cszapiroak,Benue State University
Keenan,Silmon,ksilmonal@ed.gov,Male,Dabfeed,ksilmonal,Józef Tyszkiewicz College of Business and Computer Science in Bielsko-Biala
Cory,Frick,cfrickam@soundcloud.com,Female,Gabtune,cfrickam,Emily Carr Institute of Art + Design
Base,Karolovsky,bkarolovskyan@ebay.com,Male,Geba,bkarolovskyan,Shanmugha Arts Science Technology and Research Academy
Gustav,Prynne,gprynneao@jugem.jp,Male,Ainyx,gprynneao,Universidad de Los Andes
Barnebas,Revance,brevanceap@twitpic.com,Male,Abatz,brevanceap,Najaf Abad University of Applied Science and Technology
Saxe,Donneely,sdonneelyaq@hatena.ne.jp,Male,Avamm,sdonneelyaq,Engineering Faculty of Asian University
Corrine,Troman,ctromanar@java.com,Female,Abata,ctromanar,Karaganda State Technical University
Baudoin,Weatherhogg,bweatherhoggas@fema.gov,Male,Babblestorm,bweatherhoggas,Liaoning Normal University
Andreas,Sheraton,asheratonat@google.es,Male,Oyoyo,asheratonat,Shumei University
Welch,Somes,wsomesau@feedburner.com,Male,Realmix,wsomesau,Kennesaw State University
Karalee,Demkowicz,kdemkowiczav@google.es,Female,Tazzy,kdemkowiczav,University of Alabama - Tuscaloosa
Mart,Puttan,mputtanaw@simplemachines.org,Male,Skalith,mputtanaw,Skrjabin Moscow State Academy of Veterinary Medicine and Biotechnology
Geno,Fedorski,gfedorskiax@simplemachines.org,Male,Cogibox,gfedorskiax,Fachhochschule Hamburg
Dory,Renvoys,drenvoysay@bbc.co.uk,Female,Rhynoodle,drenvoysay,College of the Holy Spirit
Ronna,Hearnshaw,rhearnshawaz@gizmodo.com,Female,Vinder,rhearnshawaz,Karatina University
Claudio,Roff,croffb0@blog.com,Male,Kazio,croffb0,Ecole Nationale Supérieure de Chimie et de Physique de Bordeaux
Devy,O'Bruen,dobruenb1@wp.com,Male,Realmix,dobruenb1,Hanseo University
Lorinda,Stenbridge,lstenbridgeb2@archive.org,Female,Jaxworks,lstenbridgeb2,Fachhochschule Kufstein (Tirol)
Abdel,Olliver,aolliverb3@printfriendly.com,Male,Quatz,aolliverb3,Universität Trier
Kingsley,Croyden,kcroydenb4@nhs.uk,Male,Flashpoint,kcroydenb4,Universitas Lampung
Billie,Castiglione,bcastiglioneb5@archive.org,Male,Jayo,bcastiglioneb5,Dominican College of San Rafael
Courtney,Blenkhorn,cblenkhornb6@blogtalkradio.com,Female,Minyx,cblenkhornb6,Jiangxi Normal University
Karlyn,Brockley,kbrockleyb7@ftc.gov,Female,Buzzshare,kbrockleyb7,Ecole Supérieure d'Ingénieurs en Génie Electrique
Merwyn,Whitefoot,mwhitefootb8@cisco.com,Male,Eire,mwhitefootb8,University of Mysore
Wilmar,Swannack,wswannackb9@skyrock.com,Male,Vimbo,wswannackb9,Chongju National University of Education
Danie,Rooke,drookeba@dot.gov,Male,Tazzy,drookeba,Arlington Baptist College
Westleigh,Bosnell,wbosnellbb@shinystat.com,Male,Lajo,wbosnellbb,Universidad de Atacama
Barny,Chawkley,bchawkleybc@ucla.edu,Male,Thoughtstorm,bchawkleybc,Oita University of Nursing and Health Sciences
Veradis,Moulton,vmoultonbd@xing.com,Female,Buzzbean,vmoultonbd,Université Kofi Annan
Fonsie,Khilkov,fkhilkovbe@behance.net,Male,Oba,fkhilkovbe,Smolny University
Michele,Pollett,mpollettbf@utexas.edu,Male,Twitterbeat,mpollettbf,Universidad Autónoma de Guerrero
Darcie,Le Moucheux,dlemoucheuxbg@alexa.com,Female,Mybuzz,dlemoucheuxbg,Bethune-Cookman College
Farrel,Debling,fdeblingbh@usgs.gov,Male,Katz,fdeblingbh,London Metropolitan University
Anallese,O Mullen,aomullenbi@qq.com,Female,Agimba,aomullenbi,Edith Cowan University
Quinta,Kubal,qkubalbj@opera.com,Female,Demivee,qkubalbj,Catholic Theological Union
Reginald,Sidnell,rsidnellbk@t.co,Male,Jabbertype,rsidnellbk,Vitebsk State Technological University
Thaine,Jeanel,tjeanelbl@cbc.ca,Male,Skajo,tjeanelbl,Pontificia Universidade Católica do Paraná
Mikol,Fulk,mfulkbm@sphinn.com,Male,Browsezoom,mfulkbm,Osaka Dental University
Alonzo,Scarbarrow,ascarbarrowbn@smh.com.au,Male,Yamia,ascarbarrowbn,Midway College
Shea,Widmoor,swidmoorbo@constantcontact.com,Female,Voomm,swidmoorbo,Zimbabwe Open University
Marnie,Culpan,mculpanbp@oracle.com,Female,Realcube,mculpanbp,Alexandria University
Irvin,Noor,inoorbq@moonfruit.com,Male,Trudoo,inoorbq,Universidad Nacional de San Cristóbal de Huamanga
Rhoda,Baldry,rbaldrybr@rakuten.co.jp,Female,Gigashots,rbaldrybr,Musashino Women's University
Duke,Mattocks,dmattocksbs@reddit.com,Male,Topiczoom,dmattocksbs,Nagaland University
Ignacio,Baudet,ibaudetbt@diigo.com,Male,Topiclounge,ibaudetbt,National College of Arts
Mandie,Giovannacci,mgiovannaccibu@indiatimes.com,Female,Brightbean,mgiovannaccibu,Kirksville College of Osteopathic Medicine
Ginger,Wrack,gwrackbv@blogtalkradio.com,Female,Abata,gwrackbv,Instituto Politécnico da Guarda
Hilario,Pervew,hpervewbw@nih.gov,Male,Ailane,hpervewbw,Mangalore University
Guido,Riding,gridingbx@jiathis.com,Male,Divavu,gridingbx,University of Holy Quran and Islamic Siences
Justin,Christoforou,jchristoforouby@goodreads.com,Male,Buzzdog,jchristoforouby,Technological Education Institute of Thessaloniki
Mab,Armes,marmesbz@harvard.edu,Female,Yoveo,marmesbz,Dr. YS Parmar University of Horticulture and Forestry
Trey,Kubasek,tkubasekc0@miitbeian.gov.cn,Male,Skyndu,tkubasekc0,"Institute of Education, University of London"
Janeta,Gleadle,jgleadlec1@biblegateway.com,Female,Browsebug,jgleadlec1,Maryam Institute of Higher Education
Freedman,Sworn,fswornc2@imageshack.us,Male,Plambee,fswornc2,"Universidad de Puerto Rico, Ponce"
Kennie,Megainey,kmegaineyc3@linkedin.com,Male,Zoomdog,kmegaineyc3,University of Stavanger
Ebonee,Crab,ecrabc4@umn.edu,Female,Demivee,ecrabc4,Universidade Tiradentes
Jose,Cubbinelli,jcubbinellic5@php.net,Male,Jaxnation,jcubbinellic5,Kent State University - Stark
Almeda,De Gouy,adegouyc6@wikispaces.com,Female,Browsecat,adegouyc6,Universidad de la Integración de las Americas (UNIDAD)
Christophe,Wilprecht,cwilprechtc7@tuttocitta.it,Male,Tazz,cwilprechtc7,Norwegian College of Veterinary Medicine
Stanislaw,Hasell,shasellc8@ox.ac.uk,Male,Innojam,shasellc8,Fachhochschule für Verwaltung und Rechtspflege Berlin
Daron,Dyott,ddyottc9@uiuc.edu,Female,Twinder,ddyottc9,Belarussian State Agrarian Technical University
Ambrosi,Cottisford,acottisfordca@bravesites.com,Male,Camimbo,acottisfordca,Ecole National d'Agriculture de Meknes
Dolf,Durand,ddurandcb@accuweather.com,Male,Thoughtworks,ddurandcb,Universidad de Concepcion
Ruprecht,Matfin,rmatfincc@linkedin.com,Male,Babblestorm,rmatfincc,University of El Imam El Mahdi University
Garrott,Speller,gspellercd@printfriendly.com,Male,Muxo,gspellercd,State Engineering University of Armenia
Byrann,Merle,bmerlece@google.co.jp,Male,Oyondu,bmerlece,Universitas Negeri Gorontalo
Akim,Lampett,alampettcf@usda.gov,Male,Linktype,alampettcf,Periyar University
Annamaria,Tattershall,atattershallcg@list-manage.com,Female,Ntag,atattershallcg,Carleton University
Diego,Ferrolli,dferrollich@seesaa.net,Male,Flashset,dferrollich,Kentucky Wesleyan College
Clari,Baly,cbalyci@cbc.ca,Female,Wikido,cbalyci,Temple University School of Podiatric Medicine
Rinaldo,Gayne,rgaynecj@spotify.com,Male,Leenti,rgaynecj,Moscow State University of Civil Engineering
Dilly,Cellier,dcellierck@nature.com,Male,Vinder,dcellierck,Tuva State University
Erek,Aim,eaimcl@paypal.com,Male,Tagopia,eaimcl,"Hochschule Anhalt (FH), Hochschule für angewandte Wissenschaften"
Matilde,Mundford,mmundfordcm@sfgate.com,Female,Browsetype,mmundfordcm,St. Thomas University
Gerhardine,Gerling,ggerlingcn@forbes.com,Female,Kwideo,ggerlingcn,Shanghai University of Engineering Science
Scottie,Jachimczak,sjachimczakco@cisco.com,Male,Leexo,sjachimczakco,Loras College
Kai,Tupie,ktupiecp@tiny.cc,Female,Babbleblab,ktupiecp,Kabul Health Sciences Institute
Darnall,Vian,dviancq@upenn.edu,Male,Photobean,dviancq,Technological Education Institute of Kavala
Creighton,Yepiskov,cyepiskovcr@wp.com,Male,Trilia,cyepiskovcr,Danville Area Community College
Ruben,Farnorth,rfarnorthcs@oakley.com,Male,Aimbu,rfarnorthcs,Universidad Evangélica de El Salvador
Nicolais,Rheaume,nrheaumect@google.co.uk,Male,Livepath,nrheaumect,"Evangelische Fachhochschule Berlin, Fachhochschule für Sozialarbeit und Sozialpädagogik"
Hannah,Gooderson,hgoodersoncu@mayoclinic.com,Female,Bubbletube,hgoodersoncu,St. Petersburg Repin State Academic Institute of Painting Sculpture and Achitecture
Monro,Jacobowicz,mjacobowiczcv@ning.com,Male,Plajo,mjacobowiczcv,American Graduate School in Paris
Reinhard,Bearn,rbearncw@loc.gov,Male,Photofeed,rbearncw,State University of New York College of Technology at Farmingdale
Dulcie,Rentalll,drentalllcx@photobucket.com,Female,Babbleset,drentalllcx,Maranatha Baptist Bible College
Redd,Nutbean,rnutbeancy@opensource.org,Male,Voonder,rnutbeancy,IASE (Institute of Advanced Studies) Deemed University
Ramona,Girardini,rgirardinicz@tinyurl.com,Female,Kazu,rgirardinicz,University of North Texas
Evin,Pudney,epudneyd0@mac.com,Male,Zoovu,epudneyd0,Universität Stuttgart
Felicia,Nicklin,fnicklind1@vistaprint.com,Female,Twitterbridge,fnicklind1,Le Moyne-Owen College
Allen,Renols,arenolsd2@technorati.com,Male,Twimm,arenolsd2,"University of Roma ""Tor Vergata"""
Roley,Clever,rcleverd3@booking.com,Male,Myworks,rcleverd3,Green Mountain College
Cindi,Balden,cbaldend4@latimes.com,Female,Flipstorm,cbaldend4,Universidad Europea de Madrid
Rosaline,Kinder,rkinderd5@nhs.uk,Female,Jazzy,rkinderd5,Universidade Católica de Santos
Leilah,Matfin,lmatfind6@mozilla.org,Female,Kayveo,lmatfind6,Mukogawa Women's University
Karlis,Hasslocher,khasslocherd7@posterous.com,Male,Ooba,khasslocherd7,Ecole Nationale Supérieure d'Electrochimie et d'Electrométallurgie de Gernoble
Laurette,Toth,ltothd8@tuttocitta.it,Female,Midel,ltothd8,Fundación Universitaria de Boyacá
Tadeas,Anespie,tanespied9@gnu.org,Male,Fivespan,tanespied9,Indian School of Business Management and Administration
Tootsie,Camocke,tcamockeda@cbslocal.com,Female,Skajo,tcamockeda,"Islamic Azad University, Tehran South"
Lynnet,Jevons,ljevonsdb@unc.edu,Female,Jayo,ljevonsdb,Universidad Adventista del Plata
Marcia,Edgcombe,medgcombedc@trellian.com,Female,Photolist,medgcombedc,Pedagogical University of Bydgoszcz
Alfreda,Farlam,afarlamdd@tripod.com,Female,Roombo,afarlamdd,University of Wolverhampton
Guilbert,Croshaw,gcroshawde@washingtonpost.com,Male,Divanoodle,gcroshawde,Nichols College
Charley,Calloway,ccallowaydf@bloglovin.com,Male,Gigabox,ccallowaydf,Instituto Superior D. Afonso III - INUAF
Lia,Lubeck,llubeckdg@eventbrite.com,Female,Topiclounge,llubeckdg,Vikram University
Reece,Headley,rheadleydh@ameblo.jp,Male,Centizu,rheadleydh,Worcester State College
Burl,Cheeld,bcheelddi@weibo.com,Male,Ooba,bcheelddi,University of Applied Sciences of Moldova
Zeke,Hassall,zhassalldj@studiopress.com,Male,Rhyloo,zhassalldj,University of Cassino
Glenn,Niesel,gnieseldk@washingtonpost.com,Male,Yacero,gnieseldk,Joseph Ayo Babalola University
Lewes,Spensly,lspenslydl@indiatimes.com,Male,Livetube,lspenslydl,Adventist University of the Philippines
Caldwell,Hundal,chundaldm@virginia.edu,Male,Twimm,chundaldm,Technical University of Lublin
Chandra,Janaud,cjanauddn@csmonitor.com,Female,Npath,cjanauddn,St. Petersburg State Academy for Engineering Economics (ENGECON)
Sydney,Braham,sbrahamdo@hostgator.com,Male,Linkbridge,sbrahamdo,Rockford College
Whitaker,Yabsley,wyabsleydp@ask.com,Male,Dynava,wyabsleydp,Kanazawa College of Art
Dillon,Artois,dartoisdq@friendfeed.com,Male,Riffpath,dartoisdq,University of Sadat City
Mirelle,Djurevic,mdjurevicdr@sciencedirect.com,Female,Realcube,mdjurevicdr,Universitas HKBP Nommensen
Lotte,Troman,ltromands@smh.com.au,Female,Wikizz,ltromands,Sri Venkateswara Institute of Medical Sciences
Amberly,McCorkell,amccorkelldt@unc.edu,Female,Photolist,amccorkelldt,University of Geneva
Zelig,Ricca,zriccadu@seesaa.net,Male,Twitterworks,zriccadu,University of Texas at El Paso
Chic,Cothey,ccotheydv@businessweek.com,Male,Vipe,ccotheydv,Hosei University
Gradey,Alldread,galldreaddw@hud.gov,Male,Photospace,galldreaddw,Anhui University
Cleopatra,Towns,ctownsdx@hhs.gov,Female,Meemm,ctownsdx,Phillips-Universität Marburg
Sylvan,Weedon,sweedondy@tripadvisor.com,Male,Oozz,sweedondy,United States Coast Guard Academy
Hersh,Matczak,hmatczakdz@aboutads.info,Male,Yozio,hmatczakdz,Dalian University of Foreign Language
Kori,Wallen,kwallene0@bluehost.com,Female,Twitterbeat,kwallene0,St. Matthews University
Reena,Bolte,rboltee1@npr.org,Female,Wikivu,rboltee1,Newman University
Farleigh,Coggin,fcoggine2@pagesperso-orange.fr,Male,Flipstorm,fcoggine2,Sri Sant Gajanan Maharaj College of Engineering
Bale,Soppett,bsoppette3@liveinternet.ru,Male,Oodoo,bsoppette3,Universidade de Santa Cruz do Sul
Kitti,Behr,kbehre4@wikimedia.org,Female,Shuffletag,kbehre4,Gratz College
Fritz,Furmage,ffurmagee5@apple.com,Male,Twitterbeat,ffurmagee5,Universidad del Magdalena
Lanie,Sarvar,lsarvare6@instagram.com,Male,Meevee,lsarvare6,University of Northern Iowa
Nat,Huxham,nhuxhame7@blogger.com,Male,Realblab,nhuxhame7,Keller Graduate School of Management
Isadore,Bidewell,ibidewelle8@amazon.co.jp,Male,Gabvine,ibidewelle8,Universidad Técnica de Ambato
Galen,Groucutt,ggroucutte9@home.pl,Male,Skipstorm,ggroucutte9,Perm State Academy of Agriculture
Stefano,Aldritt,saldrittea@hibu.com,Male,InnoZ,saldrittea,Kyushu Institute of Design
Rene,Macauley,rmacauleyeb@jugem.jp,Female,Wordtune,rmacauleyeb,Instituto Tecnológico de Buenos Aires
Laureen,Vela,lvelaec@yelp.com,Female,Topdrive,lvelaec,Kafr El-Sheikh University
North,Frangleton,nfrangletoned@squarespace.com,Male,Photojam,nfrangletoned,Indiana University-Purdue University at Fort Wayne
Wolf,Hembry,whembryee@elpais.com,Male,Oyoyo,whembryee,Université Gamal Abdel Nasser de Conakry
Leodora,Dublin,ldublinef@bbc.co.uk,Female,Ooba,ldublinef,Universidad de Navarra
Blondy,Gillitt,bgillitteg@purevolume.com,Female,Topicshots,bgillitteg,Université de Fianarantsoa
Torrie,Detoc,tdetoceh@wikia.com,Female,Shuffletag,tdetoceh,Jamestown College
Othilie,Fawdry,ofawdryei@xrea.com,Female,Yacero,ofawdryei,Whittier College
Kin,Faircliffe,kfaircliffeej@huffingtonpost.com,Male,Dynabox,kfaircliffeej,Universitas Negeri Jakarta
Brooks,Shermar,bshermarek@nsw.gov.au,Male,Zoonder,bshermarek,University of Faisalabad
Phineas,Tippetts,ptippettsel@clickbank.net,Male,Dabshots,ptippettsel,Chinhoyi University of Technology
Aaron,Pratten,aprattenem@gmpg.org,Male,Oyoyo,aprattenem,Universidad Internacional de las Américas
Scottie,Wittey,switteyen@reuters.com,Male,Tambee,switteyen,Eindhoven University of Technology
Leann,Herrieven,lherrieveneo@dailymail.co.uk,Female,Skyndu,lherrieveneo,Nanjing University
Veronika,McCaffery,vmccafferyep@g.co,Female,Minyx,vmccafferyep,State University of New York Maritime College
Helsa,Pietsma,hpietsmaeq@nytimes.com,Female,Yabox,hpietsmaeq,Universidad Nacional Autónoma de Honduras
Kienan,Boddie,kboddieer@vistaprint.com,Male,Flipbug,kboddieer,National Taipei Teachers College
Robinetta,Clac,rclaces@comsenz.com,Female,Oyondu,rclaces,St. Petersburg State University of Aerospace Instrumentation
Ole,Abry,oabryet@technorati.com,Male,Topdrive,oabryet,Colorado State University
Berni,Springthorp,bspringthorpeu@jimdo.com,Female,Kwimbee,bspringthorpeu,University College Bahrain
Vickie,Marriage,vmarriageev@godaddy.com,Female,Fivespan,vmarriageev,Air University
Lazare,Malafe,lmalafeew@jalbum.net,Male,Brainverse,lmalafeew,Lakeview College of Nursing
Wylma,Grishinov,wgrishinovex@zdnet.com,Female,Tambee,wgrishinovex,University of KwaZulu-Natal
Liza,Skirrow,lskirrowey@wikispaces.com,Female,Yodo,lskirrowey,Mountains of the Moon University
Sophey,Grishmanov,sgrishmanovez@businessweek.com,Female,Tazz,sgrishmanovez,Universitas Bhayangkara Jakarta Raya
Carleen,Prickett,cprickettf0@domainmarket.com,Female,Abata,cprickettf0,Sultan Idris Shah Polytechnic
Christiane,Durnian,cdurnianf1@eventbrite.com,Female,Topiclounge,cdurnianf1,Kansas State University
Kenna,Greatbank,kgreatbankf2@blinklist.com,Female,Realcube,kgreatbankf2,Viterbo College
Jessika,De Paoli,jdepaolif3@miibeian.gov.cn,Female,Brainlounge,jdepaolif3,Universidade de Tocantins
Ophelie,Teligin,oteliginf4@furl.net,Female,Devbug,oteliginf4,Crescent University
Kylie,Braybrooke,kbraybrookef5@spotify.com,Female,Topicshots,kbraybrookef5,Nizhny Novgorod State Architectural - Building University
Gusta,Aizikovich,gaizikovichf6@yelp.com,Female,Izio,gaizikovichf6,Ecole Catholique d'Arts & Metiers
Christophe,Sogg,csoggf7@phoca.cz,Male,Janyx,csoggf7,Michigan School of Professional Psychology
Enrique,Bodker,ebodkerf8@go.com,Male,Buzzbean,ebodkerf8,Universitas Sarjanawiyata Tamansiswa
Noll,Raye,nrayef9@privacy.gov.au,Male,Vidoo,nrayef9,Nyack College
Mikael,Fraczek,mfraczekfa@va.gov,Male,Mymm,mfraczekfa,Aichi Medical University
Bourke,Nerheny,bnerhenyfb@nsw.gov.au,Male,Skinix,bnerhenyfb,Ohio Wesleyan University
Gabriel,Tangye,gtangyefc@people.com.cn,Female,Brainverse,gtangyefc,Thiagarajar College of Engineering
Wait,Denny,wdennyfd@accuweather.com,Male,Jayo,wdennyfd,Manila Central University
Dacy,Sollon,dsollonfe@so-net.ne.jp,Female,Browsedrive,dsollonfe,Theatre Academy Finland
Elisa,Stert,estertff@livejournal.com,Female,Innotype,estertff,National Transport University
Gratiana,Shakesbye,gshakesbyefg@1und1.de,Female,Fivechat,gshakesbyefg,Concordia University
Carlina,Bodicam,cbodicamfh@google.co.jp,Female,Realmix,cbodicamfh,"Universidad Pedagógica ""José Martí"", Camagüey"
Cedric,Wayper,cwayperfi@imdb.com,Male,Feedbug,cwayperfi,Jiangxi University of Finance and Economics
Worthy,Bisseker,wbissekerfj@addthis.com,Male,Skiptube,wbissekerfj,Kirksville College of Osteopathic Medicine
Chance,Tattersdill,ctattersdillfk@senate.gov,Male,Edgepulse,ctattersdillfk,Universität Osnabrück
Der,Holley,dholleyfl@earthlink.net,Male,Kanoodle,dholleyfl,Universidad Autonoma de Chiriqui
Mozes,Titley,mtitleyfm@reference.com,Male,Izio,mtitleyfm,I.M. Sechenov Moscow Medical Academy
Anjanette,De Atta,adeattafn@va.gov,Female,Yozio,adeattafn,"Indian Institute of Management, Tiruchirappalli"
Aeriela,Serrier,aserrierfo@pagesperso-orange.fr,Female,Meedoo,aserrierfo,Université Paris-Sorbonne (Paris IV)
Eberto,Verity,everityfp@netvibes.com,Male,Yamia,everityfp,Kabul Medical University
Adelind,Munt,amuntfq@so-net.ne.jp,Female,Rhynyx,amuntfq,Iran University of Science and Technology Tehran
Hubie,Newbury,hnewburyfr@gov.uk,Male,Dabshots,hnewburyfr,University of Wroclaw
Geordie,Deakan,gdeakanfs@forbes.com,Male,Cogilith,gdeakanfs,Sudan University for Science and Technology
Carmon,Barenski,cbarenskift@hc360.com,Female,Skyndu,cbarenskift,Andrew Jackson University
Aime,Yven,ayvenfu@tinyurl.com,Female,Ailane,ayvenfu,Ecole Nationale d'Ingénieurs des Travaux Agricoles de Clermont-Ferrand
Anselm,Harvard,aharvardfv@stumbleupon.com,Male,Dabtype,aharvardfv,Northern Lights College
Peirce,Jouanet,pjouanetfw@mapquest.com,Male,Gevee,pjouanetfw,Alderson Broaddus College
Alberik,Cuttles,acuttlesfx@dedecms.com,Male,Divavu,acuttlesfx,Universidade do Extremo Sul Catarinense
Wright,Cannam,wcannamfy@microsoft.com,Male,Wordpedia,wcannamfy,DeSales University
Renado,Talman,rtalmanfz@blog.com,Male,Meejo,rtalmanfz,Wuhan Automobile Polytechnical University
Raffaello,Bamblett,rbamblettg0@dailymotion.com,Male,Digitube,rbamblettg0,Rust College
Sax,Bagster,sbagsterg1@shutterfly.com,Male,Lazz,sbagsterg1,University of Essex
Sharron,Reeder,sreederg2@alibaba.com,Female,Shuffletag,sreederg2,European Management School
Allyce,Wenn,awenng3@gizmodo.com,Female,Fivechat,awenng3,Université de Djibouti
Nicol,Pabst,npabstg4@infoseek.co.jp,Female,Dynazzy,npabstg4,Università Bocconi
Ewan,Thornewell,ethornewellg5@hubpages.com,Male,Livefish,ethornewellg5,Gorno-Altaisk State University
Lawry,Swaisland,lswaislandg6@amazon.co.jp,Male,Gigabox,lswaislandg6,Universidad Católica del Uruguay
Nolly,Melwall,nmelwallg7@newyorker.com,Male,Yata,nmelwallg7,Universidad Nacional de Asunción
Devonna,Tommasetti,dtommasettig8@cloudflare.com,Female,Oodoo,dtommasettig8,Universidad Amazonica de Pando
Stephannie,Leverington,sleveringtong9@joomla.org,Female,Skippad,sleveringtong9,Neumann College
Darsey,O' Mulderrig,domulderrigga@soundcloud.com,Female,Zoomcast,domulderrigga,Kyushu International University
Gilemette,Whittlesee,gwhittleseegb@digg.com,Female,Photobug,gwhittleseegb,University of Rajasthan
Yardley,McKue,ymckuegc@clickbank.net,Male,Viva,ymckuegc,University of Abertay Dundee
Archibald,Huxham,ahuxhamgd@yelp.com,Male,Oyope,ahuxhamgd,Universidad de Los Andes
Jackquelin,Keetley,jkeetleyge@github.com,Female,Babbleblab,jkeetleyge,Pathumthani University
Malchy,Rosso,mrossogf@histats.com,Male,Pixope,mrossogf,Universitas Dian Nuswantoro
Breanne,Bartles,bbartlesgg@free.fr,Female,JumpXS,bbartlesgg,Shanghai University of Engineering Science
Dev,Votier,dvotiergh@privacy.gov.au,Male,Zoozzy,dvotiergh,Tehran University of Teacher Training
Padgett,Solway,psolwaygi@etsy.com,Male,Devbug,psolwaygi,Technical University of Denmark
Jeanine,Saxelby,jsaxelbygj@fda.gov,Female,Jaloo,jsaxelbygj,University of Tennessee - Knoxville
Robb,Fearnall,rfearnallgk@ameblo.jp,Male,Ainyx,rfearnallgk,Chongqing University of Science and Technology
Lothaire,Bucke,lbuckegl@skype.com,Male,Dabtype,lbuckegl,Ecole Nationale Supérieur de Mécanique et d'Aéronautique
Werner,Leipelt,wleipeltgm@discuz.net,Male,Eamia,wleipeltgm,Pontifícia Universidade Católica de São Paulo
Samantha,Sobey,ssobeygn@illinois.edu,Female,Eabox,ssobeygn,Universidad Nacional de General San Martín
Wini,Bonifacio,wbonifaciogo@merriam-webster.com,Female,InnoZ,wbonifaciogo,Daemen College
Lilli,Farnaby,lfarnabygp@squidoo.com,Female,Eazzy,lfarnabygp,California Coast University
Yard,Buckleigh,ybuckleighgq@phoca.cz,Male,Meejo,ybuckleighgq,L.N. Gumilyov Eurasian National University
Alene,McGuire,amcguiregr@ning.com,Female,Divape,amcguiregr,Dallas Baptist University
Yvon,Brackenbury,ybrackenburygs@slashdot.org,Male,Twimbo,ybrackenburygs,University of Connecticut Health Center
Yorker,Huntington,yhuntingtongt@unesco.org,Male,Snaptags,yhuntingtongt,University of Sydney
Allard,Billie,abilliegu@weibo.com,Male,Muxo,abilliegu,Limestone College
Janek,Merfin,jmerfingv@wordpress.org,Male,Skivee,jmerfingv,University of Applied Sciences Aargau
Richart,Keighly,rkeighlygw@shop-pro.jp,Male,Wikivu,rkeighlygw,Universidad Santiago de Cali
Shirleen,Sawood,ssawoodgx@delicious.com,Female,Wikibox,ssawoodgx,The Achievers University
Sebastien,Drennan,sdrennangy@java.com,Male,Rhynyx,sdrennangy,Université Épiscopale d'Haiti
Oren,Pannaman,opannamangz@eventbrite.com,Male,Minyx,opannamangz,Perlis Islamic Higher Learning Institute
Cristobal,Olivetta,colivettah0@spiegel.de,Male,Plajo,colivettah0,"Islamic Azad University, Ahar"
Merrill,Burdge,mburdgeh1@nifty.com,Female,Topicblab,mburdgeh1,Paktia University
Annecorinne,Olufsen,aolufsenh2@earthlink.net,Female,Mynte,aolufsenh2,Tezpur University
Mallissa,Minister,mministerh3@ox.ac.uk,Female,Izio,mministerh3,Hankuk Aviation University
Joanna,Ansley,jansleyh4@mapquest.com,Female,Zoombeat,jansleyh4,Marylhurst University
Bertie,Kopisch,bkopischh5@msn.com,Male,Youopia,bkopischh5,Murdoch University
Humfried,Redmille,hredmilleh6@hibu.com,Male,Ozu,hredmilleh6,Technological University (Pathein)
Bette,Chick,bchickh7@npr.org,Female,Kimia,bchickh7,De Montfort University Leicester
Audy,Reiglar,areiglarh8@usgs.gov,Female,Camido,areiglarh8,Harding University Graduate School of Religion
Fiann,Mathonnet,fmathonneth9@tamu.edu,Female,Yadel,fmathonneth9,Okinawa International University
Nikos,Mardlin,nmardlinha@dion.ne.jp,Male,Oloo,nmardlinha,Ndejje University
Jeanine,Storcke,jstorckehb@wikia.com,Female,Janyx,jstorckehb,Stefan University
Tiebout,Atkyns,tatkynshc@skype.com,Male,Izio,tatkynshc,National Ribat University
Edgar,Edeson,eedesonhd@oracle.com,Male,Snaptags,eedesonhd,Miyazaki Medical College
Stephi,Dougan,sdouganhe@tinypic.com,Female,Feedfire,sdouganhe,Shahputra College
Matelda,Reicharz,mreicharzhf@mayoclinic.com,Female,Yodo,mreicharzhf,Evangelische Fachhochschule Ludwigshafen Hochschule für Sozial- und Gesundheitswesen
Benedict,Plom,bplomhg@jugem.jp,Male,Skivee,bplomhg,Birjand University
Ignaz,Bridgen,ibridgenhh@last.fm,Male,Brainlounge,ibridgenhh,Universitas Brawijaya
Beck,Feacham,bfeachamhi@who.int,Male,Yakitri,bfeachamhi,Mount Olive College
Garvey,Hackworth,ghackworthhj@taobao.com,Male,Geba,ghackworthhj,Oxford Brookes University
Joellyn,Smedmore,jsmedmorehk@discovery.com,Female,Innotype,jsmedmorehk,"Institute of Commonwealth Studies, University of London"
Tallia,Millions,tmillionshl@harvard.edu,Female,Ozu,tmillionshl,Ecole Nationale Supérieure d'Ingenieurs Electriciens de Grenoble
Lesley,Musprat,lmusprathm@netvibes.com,Male,Browseblab,lmusprathm,Fachhochschule Bochum
Thedrick,Rack,trackhn@netscape.com,Male,Talane,trackhn,University of the Incarnate World
Hedvig,Spedding,hspeddingho@gizmodo.com,Female,Brainverse,hspeddingho,Universidad Dr. Andreas Bello
Roldan,Doggett,rdoggetthp@hud.gov,Male,Fivespan,rdoggetthp,St. Augustine's College North Carolina
Kathy,Gilardoni,kgilardonihq@ycombinator.com,Female,Lajo,kgilardonihq,Fachhochschulstudiengänge Wels
Ellis,Wilfling,ewilflinghr@gmpg.org,Male,Yakidoo,ewilflinghr,Lake Erie College
Paulie,Sexstone,psexstonehs@google.com,Female,Bluejam,psexstonehs,Cheljabinsk State Institute of Teacher Training
Lila,Meale,lmealeht@smugmug.com,Female,Wordware,lmealeht,University of Bacau
Almeta,Fowell,afowellhu@nasa.gov,Female,Voonyx,afowellhu,Universiti Teknologi Mara
Rae,Tomsu,rtomsuhv@state.gov,Female,Twimbo,rtomsuhv,University of Bristol
Dacey,Skeat,dskeathw@usatoday.com,Female,Dynabox,dskeathw,Global Business School Barcelona
Jasen,Trahair,jtrahairhx@ucoz.ru,Male,Dablist,jtrahairhx,Hokkaigakuen University of Kitami
Michale,Macauley,mmacauleyhy@sina.com.cn,Male,Quaxo,mmacauleyhy,Xinjiang University
Bradan,Hussey,bhusseyhz@lycos.com,Male,Twimm,bhusseyhz,Metropolitan University
Lonnie,Shire,lshirei0@businesswire.com,Male,Avamm,lshirei0,Strayer University
Audre,Puddicombe,apuddicombei1@home.pl,Female,Kwideo,apuddicombei1,Georgian Court College
Sybyl,Waud,swaudi2@hostgator.com,Female,Linkbuzz,swaudi2,Lebanese University
Martie,Blumer,mblumeri3@edublogs.org,Female,Gabtune,mblumeri3,Maria Grzegorzewska College for Special Education
Rex,Rugiero,rrugieroi4@vimeo.com,Male,Lajo,rrugieroi4,Gallaudet University
Evyn,Coultish,ecoultishi5@walmart.com,Male,Eadel,ecoultishi5,Universidad San Marcos
Casey,Morch,cmorchi6@bravesites.com,Female,Janyx,cmorchi6,Instituto Tecnológico Metropolitano
Barrie,Hatchell,bhatchelli7@gravatar.com,Male,Yata,bhatchelli7,University of Tuzla
Elmore,Deeman,edeemani8@123-reg.co.uk,Male,Twimbo,edeemani8,University of East Asia
Gibby,Krysztowczyk,gkrysztowczyki9@stumbleupon.com,Male,Eazzy,gkrysztowczyki9,Université de Poitiers
Karilynn,Langforth,klangforthia@salon.com,Female,Ozu,klangforthia,University of New York Tirana
Noemi,Bruckman,nbruckmanib@friendfeed.com,Female,Thoughtworks,nbruckmanib,Minhaj University Lahore
Iver,Linggood,ilinggoodic@tuttocitta.it,Male,Kare,ilinggoodic,Trinity International University
Adolf,Tissell,atissellid@foxnews.com,Male,Brainverse,atissellid,Ittihad Private University
Beitris,Arguile,barguileie@netvibes.com,Female,Flipbug,barguileie,New Hampshire College
Wynnie,Cumpton,wcumptonif@eepurl.com,Female,Skajo,wcumptonif,Universidade Estadual de Montes Claros
Merrel,Olenin,moleninig@china.com.cn,Male,Bubblebox,moleninig,Tokyo University of Art and Design
Wadsworth,Walton,wwaltonih@pinterest.com,Male,Skippad,wwaltonih,"University of St. Thomas, Houston"
Goddart,Forty,gfortyii@rediff.com,Male,Mydo,gfortyii,California School of Professional Psychology - San Diego
Reube,Brugh,rbrughij@mashable.com,Male,Riffpedia,rbrughij,Kanpur University
Paten,Argile,pargileik@rediff.com,Male,Wordpedia,pargileik,Tri-State University
Beryle,Brownsey,bbrownseyil@cloudflare.com,Female,Tagopia,bbrownseyil,Universidad Nacional de La Rioja
Nollie,Axcell,naxcellim@mail.ru,Female,Fliptune,naxcellim,Norwegian College of Veterinary Medicine
Brade,BURWIN,bburwinin@cnet.com,Male,Gigashots,bburwinin,British College of Osteopathic Medicine
Philis,Highton,phightonio@topsy.com,Female,Tazzy,phightonio,"Muthesius-Hochschule, Fachhochschule für Kunst und Gestaltung"
Farlee,Willan,fwillanip@toplist.cz,Male,Brainsphere,fwillanip,Arhangelsk State Technical University
Fritz,Nuzzi,fnuzziiq@unicef.org,Male,Latz,fnuzziiq,"California State University, Channel Islands"
Lynea,Stading,lstadingir@reuters.com,Female,Meejo,lstadingir,Radford University
Weider,Lavery,wlaveryis@github.com,Male,Thoughtmix,wlaveryis,Salem University
Alistair,Coldman,acoldmanit@bigcartel.com,Male,Izio,acoldmanit,Covenant College
Violette,Boylin,vboyliniu@noaa.gov,Female,Voonyx,vboyliniu,"Music Academy ""Karol Szymanowski"" in Katowice"
Trey,Harverson,tharversoniv@networkadvertising.org,Male,Vinder,tharversoniv,Koforidua Polytechnic
Iorgos,Timothy,itimothyiw@google.de,Male,Voolia,itimothyiw,Université Euro-Afrique
Aimil,Shillitto,ashillittoix@fastcompany.com,Female,Skipfire,ashillittoix,Indiana University - Southeast
Kendrick,Glede,kgledeiy@nifty.com,Male,Dynava,kgledeiy,Unitomo Surabaya
Thedric,Rutherforth,trutherforthiz@163.com,Male,Bubbletube,trutherforthiz,Eastern Mennonite University
Ninette,Claworth,nclaworthj0@elegantthemes.com,Female,Edgewire,nclaworthj0,Nishikyushu University
Philip,Gatteridge,pgatteridgej1@latimes.com,Male,Voolia,pgatteridgej1,Suranaree University of Technology
Gregor,Valois,gvaloisj2@google.pl,Male,Myworks,gvaloisj2,Free International University of Moldova
Tamiko,Whiten,twhitenj3@blogger.com,Female,Mynte,twhitenj3,Birla Institute of Technology and Science
Eugenia,Jeanequin,ejeanequinj4@bloglines.com,Female,Trilith,ejeanequinj4,Pomorsk State University
Caria,Routledge,croutledgej5@upenn.edu,Female,Twimbo,croutledgej5,Mekelle University
Rudie,Dederick,rdederickj6@diigo.com,Male,Demizz,rdederickj6,"Birkbeck College, University of London"
Alley,Tolworth,atolworthj7@bigcartel.com,Male,Feednation,atolworthj7,Universidad del Norte
Ginger,Rouby,groubyj8@sbwire.com,Female,Agimba,groubyj8,Université de l'Uélé
Duncan,Lethabridge,dlethabridgej9@skype.com,Male,Jetpulse,dlethabridgej9,Karunya Institute Of Technology ( Deemed University)
Hadleigh,Anster,hansterja@nationalgeographic.com,Male,Topicstorm,hansterja,Baptist Bible College of Missouri
Cirstoforo,Russe,crussejb@gmpg.org,Male,Meembee,crussejb,Oklahoma Christian University
Lanita,Proughten,lproughtenjc@jalbum.net,Female,Snaptags,lproughtenjc,"Institute of Commonwealth Studies, University of London"
Ashby,Dutchburn,adutchburnjd@zimbio.com,Male,Feedbug,adutchburnjd,Pandit Ravi Shankar Shukla University
Roseanna,MacGow,rmacgowje@ucoz.ru,Female,Shuffletag,rmacgowje,Institut Supérieur de Management et de Technologie (MATCI)
Sylvan,Doulden,sdouldenjf@google.com.br,Male,Lazzy,sdouldenjf,Zambian Open University
Luisa,Boomes,lboomesjg@technorati.com,Female,Zoonoodle,lboomesjg,Al-Farabi Kazakh National University
Chester,Sneesbie,csneesbiejh@wisc.edu,Male,Meejo,csneesbiejh,Western State University College of Law - Orange County
Ringo,Giffaut,rgiffautji@microsoft.com,Male,Voonyx,rgiffautji,Muadzam Shah Polytechnic
Emma,Meekin,emeekinjj@rediff.com,Female,Twinte,emeekinjj,Bayerische Julius-Maximilians-Universität Würzburg
Garnette,Baff,gbaffjk@skype.com,Female,Nlounge,gbaffjk,East Carolina University
Kacy,Iffland,kifflandjl@archive.org,Female,Thoughtsphere,kifflandjl,Institut Supérieure d'Electronique du Nord
Sayers,Scowen,sscowenjm@loc.gov,Male,Eire,sscowenjm,Universidade Independente de Angola
Tova,Beiderbeck,tbeiderbeckjn@list-manage.com,Female,Ainyx,tbeiderbeckjn,Moscow State University of Civil Engineering
Law,Boles,lbolesjo@goo.ne.jp,Male,Roombo,lbolesjo,Instituto Politécnico Nacional
Lyndsey,Mellanby,lmellanbyjp@cam.ac.uk,Female,Avamba,lmellanbyjp,Shahrekord University of Medical Sciences
Garey,Blandford,gblandfordjq@mapy.cz,Male,Voonyx,gblandfordjq,Instituto de Enseñanza Superior Oteima
Halley,Doogood,hdoogoodjr@imgur.com,Female,Skyndu,hdoogoodjr,Samford University
Shanda,Hursey,shurseyjs@paginegialle.it,Female,Realfire,shurseyjs,Victoria International University
Artur,Geldart,ageldartjt@vimeo.com,Male,Abatz,ageldartjt,Universidad del Rosario
Goran,Stearn,gstearnju@nba.com,Male,Chatterbridge,gstearnju,Gallaudet University
Theresa,Babalola,tbabalolajv@usa.gov,Female,Rooxo,tbabalolajv,College of Notre Dame
Ram,Kingh,rkinghjw@mlb.com,Male,Zoomzone,rkinghjw,University of Adelaide
Tymon,Langelay,tlangelayjx@nbcnews.com,Male,Realbridge,tlangelayjx,Acharya Nagarjuna University
Orbadiah,Stather,ostatherjy@europa.eu,Male,JumpXS,ostatherjy,Gansu University of Technology
Katee,Mc Corley,kmccorleyjz@harvard.edu,Female,Chatterbridge,kmccorleyjz,Latvian Academy of Music
Kym,Leckey,kleckeyk0@booking.com,Female,Mydo,kleckeyk0,University of Lavasanat Pnu
Stefania,Kubis,skubisk1@freewebs.com,Female,Jaxnation,skubisk1,"Washington State University, Tri-Cities"
Theodoric,Jurges,tjurgesk2@hubpages.com,Male,Tagtune,tjurgesk2,University of Western Ontario
Ahmad,Bonafacino,abonafacinok3@google.cn,Male,Skipfire,abonafacinok3,"University of Science, Arts and Technology"
Mile,Bedburrow,mbedburrowk4@myspace.com,Male,Skipstorm,mbedburrowk4,Latvian University of Agriculture
Fiona,Ingyon,fingyonk5@wisc.edu,Female,Lazzy,fingyonk5,National Central University
Thorny,Hatliff,thatliffk6@etsy.com,Male,Vinder,thatliffk6,Devi Ahilya University of Indore
Rubin,Gostyke,rgostykek7@tripod.com,Male,Latz,rgostykek7,Kampala University
Blakelee,Hanhart,bhanhartk8@barnesandnoble.com,Female,Demizz,bhanhartk8,Ryazan State Pedagogical University
Brien,Footitt,bfootittk9@reuters.com,Male,BlogXS,bfootittk9,Universität für angewandte Kunst Wien
Melisande,Sollom,msollomka@yahoo.com,Female,Jayo,msollomka,Tibet University
Kelli,Pennazzi,kpennazzikb@live.com,Female,Linktype,kpennazzikb,God's Bible School and College
Berrie,Bannard,bbannardkc@dion.ne.jp,Female,Yacero,bbannardkc,Texas Lutheran University
Virgie,Kobiela,vkobielakd@slate.com,Male,Katz,vkobielakd,Universidad de Guadalajara
Bridie,Stansbury,bstansburyke@oakley.com,Female,Layo,bstansburyke," Akanu Ibiam Federal Polytechnic, Unwana"
Linoel,Maggiore,lmaggiorekf@storify.com,Male,Babbleblab,lmaggiorekf,Belarussian State University of Informatics and Radioelectronics
Murial,Kochl,mkochlkg@linkedin.com,Female,Topicware,mkochlkg,Université Paris Nanterre (Paris X)
Cassaundra,Gasnell,cgasnellkh@seattletimes.com,Female,Kare,cgasnellkh,Kankakee Community College
Gilda,Peasegod,gpeasegodki@sogou.com,Female,JumpXS,gpeasegodki,University of Siena
Georgena,Wheaton,gwheatonkj@example.com,Female,Zoombeat,gwheatonkj,Agricultural University of Georgia
Wye,Rooke,wrookekk@prnewswire.com,Male,Digitube,wrookekk,College of St. Joseph
Ulrikaumeko,Klimentyev,uklimentyevkl@weibo.com,Female,Brainbox,uklimentyevkl,Beirut Arab University
Steffane,Fearon,sfearonkm@ucsd.edu,Female,Topicshots,sfearonkm,Cosmopolitan University
William,Ivashechkin,wivashechkinkn@goodreads.com,Male,Yakidoo,wivashechkinkn,University of Livingstonia
Derwin,Sharplin,dsharplinko@youtube.com,Male,Yabox,dsharplinko,Universidad Chileno Britanica de Cultura
Vyky,Pionter,vpionterkp@goo.ne.jp,Female,Pixonyx,vpionterkp,Western New Mexico University
Kennedy,Menat,kmenatkq@wunderground.com,Male,Rhyzio,kmenatkq,Ohu University
Audy,Lynam,alynamkr@epa.gov,Female,Babblestorm,alynamkr,Aichi Institute of Technology
Amelita,Tether,atetherks@japanpost.jp,Female,Yadel,atetherks,Sher-E-Kashmir University of Agricultural Sciences and Technology
Diarmid,Loosemore,dloosemorekt@epa.gov,Male,Topicshots,dloosemorekt,University Of Dubai
Maude,Harrigan,mharriganku@oracle.com,Female,Twitterlist,mharriganku,Dixie College
Reinhard,Cheater,rcheaterkv@angelfire.com,Male,Eamia,rcheaterkv,Sistema Universitario Ana G. Méndez
Marilin,Longdon,mlongdonkw@soundcloud.com,Female,Camido,mlongdonkw,Moldova State Agricultural University
Arthur,Durrance,adurrancekx@naver.com,Male,Voolith,adurrancekx,Universidade Estadual do Ceará
Cassi,Tumioto,ctumiotoky@alexa.com,Female,Wikizz,ctumiotoky,Shenkar School of Engineering & Design
Pauletta,Ajean,pajeankz@multiply.com,Female,Minyx,pajeankz,Maine Maritime Academy
Kenyon,Metson,kmetsonl0@oracle.com,Male,Tagopia,kmetsonl0,Osaka University of Commerce
Blondy,Alvarado,balvaradol1@hud.gov,Female,Eabox,balvaradol1,University of Hartford
Anderea,Dentith,adentithl2@skyrock.com,Female,Edgeblab,adentithl2,Hongik University
Ediva,Addy,eaddyl3@google.nl,Female,Oozz,eaddyl3,Eritrea Institute of Technology
Lucas,Plail,lplaill4@homestead.com,Male,Teklist,lplaill4,Fachhochschule Bochum
Cointon,Ullrich,cullrichl5@ocn.ne.jp,Male,Thoughtstorm,cullrichl5,Georgetown College
Artus,Crowe,acrowel6@paginegialle.it,Male,Skinder,acrowel6,Merlimau Polytechnic
Yoshiko,Fitzroy,yfitzroyl7@nifty.com,Female,Realfire,yfitzroyl7,China University of Geoscience Beijing
Fayth,Harbertson,fharbertsonl8@linkedin.com,Female,Twitterwire,fharbertsonl8,Cape Peninsula University of Technology
Sanford,Bertenshaw,sbertenshawl9@google.com.br,Male,Buzzster,sbertenshawl9,Indian Institute of Information Technology
Eal,Sugden,esugdenla@ebay.com,Male,Quimm,esugdenla,Kingston University
Lenka,Arangy,larangylb@foxnews.com,Female,Wikizz,larangylb,Universität Bayreuth
Al,Clist,aclistlc@macromedia.com,Male,Leexo,aclistlc,Trinity College of Vermont
Roseline,Huddleston,rhuddlestonld@ycombinator.com,Female,Kanoodle,rhuddlestonld,Instituts Supérieurs des Etudes Technologiques
Cornall,Storer,cstorerle@booking.com,Male,Youbridge,cstorerle,Lewis-Clark State College
Emily,Tabbernor,etabbernorlf@acquirethisname.com,Female,Mybuzz,etabbernorlf,Staffordshire University
Heriberto,Hannum,hhannumlg@latimes.com,Male,Realfire,hhannumlg,Finnmark University College
Serene,Postgate,spostgatelh@admin.ch,Female,Photojam,spostgatelh,University of Basel
Fancie,Simonini,fsimoninili@parallels.com,Female,Oozz,fsimoninili,De La Salle University
Conway,Petrelli,cpetrellilj@msn.com,Male,Zooveo,cpetrellilj,Chaminade University of Honolulu
Gilly,Meeron,gmeeronlk@kickstarter.com,Female,Bubblemix,gmeeronlk,Jiaying University
Chuck,Regelous,cregelousll@marketwatch.com,Male,Babblestorm,cregelousll,"Universidad de Bogotá ""Jorge Tadeo Lozano"""
Belle,Harron,bharronlm@hhs.gov,Female,Snaptags,bharronlm,University of Bolton
Elaine,Rosita,erositaln@bandcamp.com,Female,Skynoodle,erositaln,Ecole Nationale Supérieure des Industries Textiles de Mulhouse
Janey,Yearnsley,jyearnsleylo@fotki.com,Female,Oyoloo,jyearnsleylo,Dakota State University
Bartolemo,Beswetherick,bbeswethericklp@wordpress.com,Male,Eare,bbeswethericklp,University of Michigan - Dearborn
Dalton,Huckabe,dhuckabelq@wiley.com,Male,Skajo,dhuckabelq,East Ukrainian National University
Orelee,Tezure,otezurelr@kickstarter.com,Female,Oodoo,otezurelr,PSG College of Technology
Bonni,Phettiplace,bphettiplacels@usda.gov,Female,Browseblab,bphettiplacels,Southern University - New Orleans
Dottie,Drewitt,ddrewittlt@state.tx.us,Female,Edgeclub,ddrewittlt,"Free University ""Maria Santissima Assunta"""
Odelle,Absalom,oabsalomlu@nifty.com,Female,Devshare,oabsalomlu,Universidad del Sinú
Enrichetta,Maggill'Andreis,emaggillandreislv@twitter.com,Female,Aivee,emaggillandreislv,International Theravada Buddhist Missionary University
Camilla,Pygott,cpygottlw@eventbrite.com,Female,Shufflebeat,cpygottlw,Universidad Nacional Agraria de la Selva
Laughton,Jehu,ljehulx@digg.com,Male,Topicshots,ljehulx,University of Vermont
Dionysus,Davinet,ddavinetly@123-reg.co.uk,Male,Skilith,ddavinetly,Wuhan University School of Medicine
Velvet,Alban,valbanlz@nsw.gov.au,Female,Vidoo,valbanlz,Libya Open University
Christabel,McKag,cmckagm0@cpanel.net,Female,Cogidoo,cmckagm0,Gansu Agricultural University
Matilde,Faers,mfaersm1@miitbeian.gov.cn,Female,Npath,mfaersm1,Université Virtuelle de Tunis
Ulrich,Greenfield,ugreenfieldm2@europa.eu,Male,Bluezoom,ugreenfieldm2,Moscow State University of Civil Engineering
Minnie,Frigout,mfrigoutm3@google.fr,Female,Realfire,mfrigoutm3,Universidad Nacional de Tucumán
Edan,Moston,emostonm4@answers.com,Male,Rhycero,emostonm4,Western Bible College
Waverley,Graysmark,wgraysmarkm5@mlb.com,Male,Feedfish,wgraysmarkm5,"Universidad International SEK, Santiago"
Arabella,McCallam,amccallamm6@sfgate.com,Female,Aimbo,amccallamm6,ICT College
Herold,Dudson,hdudsonm7@godaddy.com,Male,Zoonder,hdudsonm7,Cihan University
Cornall,Vass,cvassm8@noaa.gov,Male,Reallinks,cvassm8,St. Anthony College of Nursing
Spence,Sheals,sshealsm9@webmd.com,Male,Photobug,sshealsm9,Lumbini Buddhist University
Bucky,Debney,bdebneyma@ucla.edu,Male,Fanoodle,bdebneyma,University of San Carlos
Lurlene,Blackbrough,lblackbroughmb@blog.com,Female,Wikizz,lblackbroughmb,Advance Tertiary College
Shermy,Slinn,sslinnmc@ucsd.edu,Male,Tanoodle,sslinnmc,Baku State University
Tandy,Riggey,triggeymd@cafepress.com,Female,Muxo,triggeymd,University of Palermo
Frank,Ashmole,fashmoleme@senate.gov,Male,Wordware,fashmoleme,Merlimau Polytechnic
Merill,De Giorgi,mdegiorgimf@google.cn,Male,Quamba,mdegiorgimf,Pennsylvania Institute of Technology
Deane,Latch,dlatchmg@upenn.edu,Male,Mycat,dlatchmg,St. Joseph's University
Gabe,Joska,gjoskamh@mozilla.com,Male,Realcube,gjoskamh,Universidad Católica de Santo Domingo
Simonne,Frohock,sfrohockmi@slate.com,Female,Linkbridge,sfrohockmi,Postgraduate lnstitute of Medical Education and Research
Rosemaria,Francomb,rfrancombmj@webs.com,Female,Cogidoo,rfrancombmj,Escuela Colombiana de Carreras Industriales
Alexandra,Graffham,agraffhammk@cornell.edu,Female,Shufflester,agraffhammk,Le Moyne-Owen College
Townsend,Hoffman,thoffmanml@bbc.co.uk,Male,Tekfly,thoffmanml,Universitas Lancang Kuning
Porty,Iacomi,piacomimm@fotki.com,Male,Avaveo,piacomimm,Tokyo University of Art and Design
Augustin,Bartomieu,abartomieumn@plala.or.jp,Male,Tagopia,abartomieumn,Asian Business School
Raimondo,Tomovic,rtomovicmo@shop-pro.jp,Male,Wikizz,rtomovicmo,Escuela Politécnica de Chimborazo
Drusilla,Leuchars,dleucharsmp@usnews.com,Female,Flashset,dleucharsmp,Southern Illinois University at Carbondale
Towney,Shimmans,tshimmansmq@ed.gov,Male,Yodel,tshimmansmq,Sevastopol National Technical University
Amandy,Panton,apantonmr@reverbnation.com,Female,Trupe,apantonmr,Christ University
Karlie,Hurdle,khurdlems@biglobe.ne.jp,Female,Yombu,khurdlems,Universitat Internacional de Catalunya
Charin,Heintsch,cheintschmt@elpais.com,Female,Skyvu,cheintschmt,Sebha University
Myrta,Irce,mircemu@addthis.com,Female,Fivechat,mircemu,"University of California, Berkeley"
Ambrosi,Storrar,astorrarmv@hud.gov,Male,Trilia,astorrarmv,Brussels School of International Studies
Mildrid,Falkinder,mfalkindermw@blogspot.com,Female,Skinte,mfalkindermw,University of Tuzla
Fairfax,Count,fcountmx@gnu.org,Male,Topicware,fcountmx,Auchi Polytechnic
Cozmo,Turtle,cturtlemy@cbc.ca,Male,Ntags,cturtlemy,Zawiya Academy
Jarrid,Stairs,jstairsmz@sakura.ne.jp,Male,Yakitri,jstairsmz,Kettering University (GMI)
Lorne,Bener,lbenern0@godaddy.com,Male,Meevee,lbenern0,Yanbu University College
Sloane,Waszczyk,swaszczykn1@wiley.com,Male,Topicblab,swaszczykn1,Paichai University
Ilyssa,Sansun,isansunn2@cpanel.net,Female,Jayo,isansunn2,Tabor College
Jimmie,Mynett,jmynettn3@intel.com,Male,Vipe,jmynettn3,Universidad Particular de Chiclayo
Pierce,Godden,pgoddenn4@woothemes.com,Male,Riffpath,pgoddenn4,Shanghai City College
Erika,Ahrendsen,eahrendsenn5@freewebs.com,Female,Jabbertype,eahrendsenn5,Al Azhar University
Mareah,Pullan,mpullann6@nba.com,Female,Oloo,mpullann6,Shendi University
Jillana,Simmans,jsimmansn7@smh.com.au,Female,Twitterwire,jsimmansn7,Huazhong Agricultural University
Patrizia,McGuigan,pmcguigann8@netscape.com,Female,Blognation,pmcguigann8,Beijing Sport University
Mei,Bodleigh,mbodleighn9@lulu.com,Female,Dabvine,mbodleighn9,Kalmar University College
Celeste,Grzeskowski,cgrzeskowskina@earthlink.net,Female,DabZ,cgrzeskowskina,Stavropol State Technical University
Archie,Colkett,acolkettnb@baidu.com,Male,Vinder,acolkettnb,University of Tennessee - Chattanooga
Corene,Braisher,cbraishernc@msn.com,Female,Flashset,cbraishernc,Sheridan College
Ddene,Dawtrey,ddawtreynd@kickstarter.com,Female,Kwimbee,ddawtreynd,"Goldsmiths College, University of London"
Mariska,Jellings,mjellingsne@ycombinator.com,Female,Abata,mjellingsne,The Art Institutes International Portland
Terrijo,McLanachan,tmclanachannf@nature.com,Female,Devify,tmclanachannf,University of Gadarif
Sherri,Tomlett,stomlettng@behance.net,Female,Rhycero,stomlettng,Rajiv Gandhi University
Zoe,Bagott,zbagottnh@xrea.com,Female,Roombo,zbagottnh,Northern Lights College
Haywood,Connah,hconnahni@netvibes.com,Male,Fiveclub,hconnahni,Manhattanville College
Jerald,Geffinger,jgeffingernj@dagondesign.com,Male,Twitterbeat,jgeffingernj,Brjansk State Technical University
Janis,Crummey,jcrummeynk@hao123.com,Female,Jaxnation,jcrummeynk,Meru University of Science and Technology
Stephenie,Reedyhough,sreedyhoughnl@blogtalkradio.com,Female,Skyble,sreedyhoughnl,Universidade de Fortaleza
Pieter,Geater,pgeaternm@amazon.de,Male,Skyble,pgeaternm,Illinois College
Giffie,Gerold,ggeroldnn@mac.com,Male,Centidel,ggeroldnn,Politécnico Grancolombiano - Institución Universitaria
Lenette,Beauvais,lbeauvaisno@mysql.com,Female,Blogspan,lbeauvaisno,Université d'Etat d'Haiti
Bettye,Bunny,bbunnynp@booking.com,Female,Browsebug,bbunnynp,Moldova State Agricultural University
Faydra,Klimkov,fklimkovnq@springer.com,Female,Mybuzz,fklimkovnq,Universidade Salgado de Oliveira
Laraine,Stidston,lstidstonnr@japanpost.jp,Female,Edgeclub,lstidstonnr,Yan'an University
Beck,Daville,bdavillens@soundcloud.com,Male,JumpXS,bdavillens,St. George's University
Lenore,Brampton,lbramptonnt@youtube.com,Female,Fivebridge,lbramptonnt,Botswana College of Agriculture
Saloma,Maffey,smaffeynu@salon.com,Female,Jazzy,smaffeynu,Lee University
Cass,Pariso,cparisonv@indiegogo.com,Male,Dablist,cparisonv,Mount St. Mary College
Gideon,Dumini,gdumininw@pagesperso-orange.fr,Male,Skinder,gdumininw,Universiteit Gent
Gavin,Dorrance,gdorrancenx@youtube.com,Male,Twitterworks,gdorrancenx,Frostburg State University
Bibbye,Willan,bwillanny@blogger.com,Female,Oodoo,bwillanny,Universidad Olmeca
Trudy,Lambertz,tlambertznz@icq.com,Female,Tagpad,tlambertznz,Instituto Superior de Psicologia Aplicada
Ludwig,Muckloe,lmuckloeo0@webmd.com,Male,Yodel,lmuckloeo0,University of Silesia
Felipe,Easter,feastero1@comcast.net,Male,Midel,feastero1,Kyrgyz State Technical University
Gardener,Wearne,gwearneo2@miitbeian.gov.cn,Male,Buzzdog,gwearneo2,Universitas Negeri Yogyakarta
Carla,Thorouggood,cthorouggoodo3@youku.com,Female,Pixope,cthorouggoodo3,Pillsbury Baptist Bible College
Marinna,Drew,mdrewo4@oakley.com,Female,Gabtype,mdrewo4,"Webster University, Thailand"
Goldi,Yeandel,gyeandelo5@globo.com,Female,Roomm,gyeandelo5,Xinjiang Normal University
Jarad,Wiggington,jwiggingtono6@bandcamp.com,Male,Vitz,jwiggingtono6,Narendra Deva University of Agriculture and Technology
Andres,Pedycan,apedycano7@example.com,Male,Zoomcast,apedycano7,Ibra College of Technology
Guilbert,Vedenichev,gvedenichevo8@jugem.jp,Male,Edgetag,gvedenichevo8,Universiti Malaysia Sarawak
Valencia,Abella,vabellao9@tumblr.com,Female,Quimm,vabellao9,Lebanese American University
Elroy,Carlsen,ecarlsenoa@hp.com,Male,Yodoo,ecarlsenoa,Instituto Politécnico de Tomar
Katharina,Fanton,kfantonob@taobao.com,Female,Thoughtstorm,kfantonob,Université de Bandundu Ville
Chuck,MacDunleavy,cmacdunleavyoc@chicagotribune.com,Male,Flashset,cmacdunleavyoc,Université Épiscopale d'Haiti
Erminia,Ghelerdini,eghelerdiniod@oakley.com,Female,Realblab,eghelerdiniod,Chowan College
Wood,Newlands,wnewlandsoe@cafepress.com,Male,Kwinu,wnewlandsoe,Lehigh Univervsity
Klarika,Hollingsby,khollingsbyof@skyrock.com,Female,Rhynoodle,khollingsbyof,Fujian Agricultural University
Vina,Skrzynski,vskrzynskiog@wikia.com,Female,Photospace,vskrzynskiog,AgroParisTech
Raleigh,Timoney,rtimoneyoh@shinystat.com,Male,Tekfly,rtimoneyoh,University of Texas at San Antonio
Traci,Buxcy,tbuxcyoi@state.gov,Female,Kaymbo,tbuxcyoi,Universität Hildesheim
Bertina,Jacob,bjacoboj@wikispaces.com,Female,Linkbuzz,bjacoboj,Nakhchivan State University
Tye,Sprowson,tsprowsonok@dot.gov,Male,Dabshots,tsprowsonok,Universitas Negeri Malang
Siffre,Meadus,smeadusol@huffingtonpost.com,Male,Mita,smeadusol,New England College of Optometry
Jaye,Towns,jtownsom@infoseek.co.jp,Male,Photofeed,jtownsom,Reformed Bible College
Hazlett,Marchington,hmarchingtonon@independent.co.uk,Male,Wordware,hmarchingtonon,Texas A&M University
Celestina,Breslane,cbreslaneoo@delicious.com,Female,Babblestorm,cbreslaneoo,Tokai University Educational System
Ibrahim,Roose,irooseop@plala.or.jp,Male,Cogilith,irooseop,Syktyvkar State University
Laureen,Skeemor,lskeemoroq@shareasale.com,Female,Skiba,lskeemoroq,Lafayette College
Wilbur,Kiebes,wkiebesor@tamu.edu,Male,Oloo,wkiebesor,Colorado State University-Pueblo
Ester,Record,erecordos@skyrock.com,Female,Devpulse,erecordos,Andrzej Frycz Modrzewski Cracow College
Konstantin,McCloughen,kmccloughenot@comcast.net,Male,Zava,kmccloughenot,Universitas Airlangga
Allie,Guidoni,aguidoniou@vkontakte.ru,Female,Twitterwire,aguidoniou,Makhanlal Chaturvedi National University of Journalism and Communication
Mersey,Gaitley,mgaitleyov@cpanel.net,Female,Flipopia,mgaitleyov,Anderson College
Patsy,Faiers,pfaiersow@netscape.com,Male,Tagopia,pfaiersow,Technische Universität Bergakademie Freiberg
Lauryn,Mossman,lmossmanox@guardian.co.uk,Female,Plambee,lmossmanox,Shanghai University of Finance and Economics
Milt,Laxson,mlaxsonoy@census.gov,Male,Geba,mlaxsonoy,Toyama Prefectural University
Cathie,Kitchen,ckitchenoz@yelp.com,Female,Kwimbee,ckitchenoz,Galatasaray University
Brewer,Goodsir,bgoodsirp0@meetup.com,Male,Trilia,bgoodsirp0,University College of Cape Breton
De witt,Krolle,dkrollep1@phpbb.com,Male,Tagcat,dkrollep1,Clark Atlanta University
Kass,Crose,kcrosep2@php.net,Female,Oloo,kcrosep2,State University of New York College at Brockport
Geoffrey,Twinbrow,gtwinbrowp3@live.com,Male,Riffwire,gtwinbrowp3,Universidade de Marília
Antony,McElvine,amcelvinep4@nationalgeographic.com,Male,Dabfeed,amcelvinep4,Tajik Agrarian University
Anastasie,Woodger,awoodgerp5@msu.edu,Female,Zoonoodle,awoodgerp5,Tashkent State University of Economics
Alvie,Ionnidis,aionnidisp6@mozilla.org,Male,Oyoba,aionnidisp6,Saudi Electronic University
Marcella,Mawditt,mmawdittp7@sciencedirect.com,Female,Skinix,mmawdittp7,Morgan State University
Arte,De Cruz,adecruzp8@go.com,Male,Jatri,adecruzp8,St. Vincent College
Teodor,Knightsbridge,tknightsbridgep9@addthis.com,Male,Meemm,tknightsbridgep9,Gomal University
Minnnie,Trail,mtrailpa@timesonline.co.uk,Female,Aimbo,mtrailpa,Frederick University
Lisha,Lockwood,llockwoodpb@marriott.com,Female,Tagopia,llockwoodpb,Ohtani Women's University
Link,Pratten,lprattenpc@sourceforge.net,Male,Jetpulse,lprattenpc,Pennsylvania State University - Schuylkill
Rozella,Rizziello,rrizziellopd@xinhuanet.com,Female,Oozz,rrizziellopd,University of Kent at Canterbury
Carlina,MacSharry,cmacsharrype@wisc.edu,Female,Buzzshare,cmacsharrype,Shorter College
Annabelle,Antonelli,aantonellipf@biglobe.ne.jp,Female,Wordware,aantonellipf,Seisen University
Jandy,Shee,jsheepg@gravatar.com,Female,Kazio,jsheepg,Babcock University
Llewellyn,Radoux,lradouxph@princeton.edu,Male,Midel,lradouxph,Roehampton University of Surrey
Sibelle,Vynoll,svynollpi@oaic.gov.au,Female,Meevee,svynollpi,Azerbaijan State Oil Academy
Emogene,Antoniades,eantoniadespj@unblog.fr,Female,Skyble,eantoniadespj,St. Petersburg State Technical University
Danella,Dobbyn,ddobbynpk@dyndns.org,Female,Brightdog,ddobbynpk,"University of the East, Ramon Magsaysay Memorial Medical Center"
Alexandr,Joontjes,ajoontjespl@google.co.uk,Male,Yakidoo,ajoontjespl,Salam University
Tito,Reaveley,treaveleypm@a8.net,Male,Centimia,treaveleypm,Sojourner-Douglass College
Stanley,Pedroli,spedrolipn@hexun.com,Male,Riffpedia,spedrolipn,Takasaki City University of Economics
Athene,Slym,aslympo@mashable.com,Female,Trudeo,aslympo,Universidad Nacional de La Pampa
Jerrine,Stump,jstumppp@jimdo.com,Female,Wordpedia,jstumppp,New England School of Communications
Xylina,Rubinshtein,xrubinshteinpq@quantcast.com,Female,Snaptags,xrubinshteinpq,San Beda College
Jaime,Hammond,jhammondpr@examiner.com,Female,Oloo,jhammondpr,Shandong University
Jarrod,Cotterel,jcotterelps@netvibes.com,Male,Thoughtblab,jcotterelps,Université de Tunis El Manar
Tulley,Keelan,tkeelanpt@google.com,Male,Quire,tkeelanpt,Andrews University
Georgy,Jikylls,gjikyllspu@nydailynews.com,Male,Buzzdog,gjikyllspu,"Concordia University, Irvine"
Adan,Clinch,aclinchpv@delicious.com,Female,Ainyx,aclinchpv,Dav University
Dorry,Epine,depinepw@4shared.com,Female,Buzzbean,depinepw,International School of Management in Prešov
Caressa,Figura,cfigurapx@mysql.com,Female,Meedoo,cfigurapx,Huafan University
Oran,Bidder,obidderpy@jigsy.com,Male,Youtags,obidderpy,Columbus University
Sheffie,Reichartz,sreichartzpz@globo.com,Male,Devify,sreichartzpz,Oregon Graduate Institute of Science and Technology
Brunhilda,Tremollet,btremolletq0@howstuffworks.com,Female,Edgepulse,btremolletq0,Rider University
Kendell,Chappelle,kchappelleq1@seattletimes.com,Male,Realbridge,kchappelleq1,The Corcoran College of Art
Jaquenetta,Wyman,jwymanq2@admin.ch,Female,Jabbersphere,jwymanq2,"Florida Metropolitan University, Fort Lauderdale College"
Belita,Ellin,bellinq3@vinaora.com,Female,Jaloo,bellinq3,United Business Institute
Jamal,Schulz,jschulzq4@arstechnica.com,Male,Devpoint,jschulzq4,University of Somalia
Renate,Roistone,rroistoneq5@nasa.gov,Female,Eayo,rroistoneq5,Kalamazoo College
Mignon,Antonomolii,mantonomoliiq6@chicagotribune.com,Female,Wikizz,mantonomoliiq6,Dokuz Eylül University
Ruthann,Hedgecock,rhedgecockq7@discuz.net,Female,Babbleopia,rhedgecockq7,South Texas College of Law
Joline,McBrearty,jmcbreartyq8@constantcontact.com,Female,Gabvine,jmcbreartyq8,Saginaw Valley State University
Jedediah,Duding,jdudingq9@ibm.com,Male,Livepath,jdudingq9,Air University
Lynne,Guidini,lguidiniqa@time.com,Female,Buzzster,lguidiniqa,"Universidad Catolica ""Redemptoris Mater"""
Maryanna,McCorkindale,mmccorkindaleqb@senate.gov,Female,Realfire,mmccorkindaleqb,Anglia Ruskin University
Waldo,Gateshill,wgateshillqc@clickbank.net,Male,Mydo,wgateshillqc,Nazarene Bible College
Rhodia,Christofe,rchristofeqd@ftc.gov,Female,Topicshots,rchristofeqd,Daniel Webster College
Jeremiah,Brognot,jbrognotqe@princeton.edu,Male,Wordtune,jbrognotqe,Great Lakes University of Kisumu
Lynnett,Berrey,lberreyqf@qq.com,Female,Twitterbeat,lberreyqf,Centro de Estudios Universitarios Monterrey
Killian,Mollon,kmollonqg@unblog.fr,Male,Eamia,kmollonqg,Punjabi University Patiala
Hank,Peskin,hpeskinqh@example.com,Male,Kayveo,hpeskinqh,Université Bordeaux I
Harrison,Wichard,hwichardqi@deviantart.com,Male,Quimm,hwichardqi,Southern College of Optometry
Salvidor,Matula,smatulaqj@addtoany.com,Male,Tavu,smatulaqj,Universität Hamburg
Vitoria,Dowsett,vdowsettqk@abc.net.au,Female,Agivu,vdowsettqk,Qauid-e-Awam University of Engineering Sciences & Technology
Randal,Rennox,rrennoxql@tumblr.com,Male,Skyvu,rrennoxql,Tomsk Polytechnic University
Lesli,House,lhouseqm@edublogs.org,Female,Zava,lhouseqm,St. Elizabeth’s College of Health and Social Sciences in Bratislava
Keelia,Gorse,kgorseqn@webs.com,Female,Skyndu,kgorseqn,Central Institute of Higher Tibetan Studies
Normand,Aimer,naimerqo@desdev.cn,Male,Twitterbridge,naimerqo,Sinnar University
Lyndsay,Wilse,lwilseqp@i2i.jp,Female,Trupe,lwilseqp,Rhodes University
Sid,Petrollo,spetrolloqq@yellowbook.com,Male,Zoomdog,spetrolloqq,Tokyo International University
Shandy,Cannicott,scannicottqr@nbcnews.com,Female,Meezzy,scannicottqr,National University of Ireland
Marlon,Bisiker,mbisikerqs@squidoo.com,Male,Quinu,mbisikerqs,Western Delta University
Wilbur,Kitcherside,wkitchersideqt@altervista.org,Male,Rhybox,wkitchersideqt,University of Applied Sciences
Ruthanne,Joscelyn,rjoscelynqu@pbs.org,Female,Zooveo,rjoscelynqu,"City University of New York, John Jay College of Criminal Justice"
Brion,Berrey,bberreyqv@taobao.com,Male,Dazzlesphere,bberreyqv,Seberang Perai Polytechnic
Francois,Jeune,fjeuneqw@mashable.com,Male,Eimbee,fjeuneqw,"Rutgers, The State University of New Jersey"
Brandon,Marton,bmartonqx@hc360.com,Male,Bluejam,bmartonqx,College of the Ozarks
Wheeler,Searchfield,wsearchfieldqy@chicagotribune.com,Male,Flashdog,wsearchfieldqy,Champlain College
Kelvin,Lackemann,klackemannqz@nbcnews.com,Male,Riffpedia,klackemannqz,Durban Institute of Technology
Amerigo,Mayfield,amayfieldr0@about.com,Male,Mymm,amayfieldr0,University of Calcutta
Barbey,Casaccio,bcasaccior1@pagesperso-orange.fr,Female,Rhyloo,bcasaccior1,Lakeland College
Klement,Huchot,khuchotr2@creativecommons.org,Male,Thoughtworks,khuchotr2,"Federal University of Technology, Akure"
Dyanne,Cripwell,dcripwellr3@wufoo.com,Female,Livetube,dcripwellr3,Ecole National d'Agriculture de Meknes
Dorothee,Bussons,dbussonsr4@tinypic.com,Female,Vimbo,dbussonsr4,Faculdades Integradas do Brasil - UNIBRASIL
Theresa,Orrah,torrahr5@about.me,Female,Shufflester,torrahr5,Universidad Nacional de Cuyo
Bevan,Fyfe,bfyfer6@nps.gov,Male,Topicware,bfyfer6,North University of Baia Mare
Dore,Chaimson,dchaimsonr7@examiner.com,Male,Avamba,dchaimsonr7,"University of Eastern Africa, Baraton"
Ricki,Tejero,rtejeror8@surveymonkey.com,Female,Yakijo,rtejeror8,Mid-American Bible College
Karole,Monketon,kmonketonr9@edublogs.org,Female,Yombu,kmonketonr9,Australlian College of Kuwait
Aura,Bolin,abolinra@yale.edu,Female,Rhyzio,abolinra,"National Academy for Theatre and Film Arts ""Krustju Sarafov"""
Cherish,Degoey,cdegoeyrb@opera.com,Female,Jetwire,cdegoeyrb,"Institute of Teachers Education, Kota Bharu"
Gina,Detloff,gdetloffrc@telegraph.co.uk,Female,Brainsphere,gdetloffrc,Shanghai Maritime University
Clarette,Mogg,cmoggrd@tinyurl.com,Female,Mybuzz,cmoggrd,Polytechnic Institute of Milan
Lizabeth,Raulston,lraulstonre@nationalgeographic.com,Female,Topicshots,lraulstonre,Universidad Metropolitana Latin Campus
Aloysius,Redington,aredingtonrf@nsw.gov.au,Male,Tagchat,aredingtonrf,Universidad Central del Valle del Cauca
Ely,Anthon,eanthonrg@sun.com,Male,Avaveo,eanthonrg,Emanuel University
Thomasin,Beddon,tbeddonrh@friendfeed.com,Female,Snaptags,tbeddonrh,New Era University
Kleon,Ropkins,kropkinsri@networkadvertising.org,Male,Vinder,kropkinsri,Ibn Sina National College for Medical Studies
Tiebout,Fasham,tfashamrj@networksolutions.com,Male,Innotype,tfashamrj,Bridgewater College
Mavis,Papis,mpapisrk@mac.com,Female,Yakijo,mpapisrk,Universitas Islam Sultan Agung
Tully,Wingatt,twingattrl@example.com,Male,Vinte,twingattrl,Sri Venkateswara Institute of Medical Sciences
Kalvin,Fleeming,kfleemingrm@goodreads.com,Male,Tagopia,kfleemingrm,Universidad Juan Misael Saracho
Janelle,Frickey,jfrickeyrn@ft.com,Female,Einti,jfrickeyrn,University of Pula
Giff,Early,gearlyro@bigcartel.com,Male,Oyope,gearlyro,Muhlenberg College
Gene,Greim,ggreimrp@cbsnews.com,Female,Zava,ggreimrp,Université Mouloud Mammeri de Tizi Ouzou
Clarance,Bertson,cbertsonrq@google.de,Male,Quamba,cbertsonrq,"Bauchi State University, Gadau"
Austin,Tappington,atappingtonrr@oracle.com,Male,Layo,atappingtonrr,Universidade do Estado do Rio Grande do Norte
